season,player,position,height_cm,stand_cm,weight_kg,jump_cm
2020-21,Zeke Nnaji,C_PF,206.375,267.97,112.0472,96.52
2020-21,Yoeli Childs,PF,198.12,269.24,102.7856,97.79
2020-21,Xavier Tillman Sr.,C_PF,201.93,269.24,120.991,82.55
2020-21,Udoka Azubuike,C,208.28,276.86,117.813,104.14
2020-21,Tyrell Terry,PG,186.69,243.84,77.18,86.36
2020-21,Tyler Bey,PF,198.12,267.97,96.6112,110.49
2020-21,Ty-Shon Alexander,SG,187.96,254,91.1632,83.82
2020-21,Trent Forrest,PG,191.77,260.35,92.162,87.63
2020-21,Theo Maledon,PG,193.04,255.27,85.0796,
2020-21,Skylar Mays,SG,190.5,251.46,92.616,95.25
2020-21,Robert Woodard II,SF,196.85,267.97,104.5108,96.52
2020-21,Reggie Perry,C_PF,203.835,270.51,113.3184,85.09
2020-21,Precious Achiuwa,PF,201.93,275.59,106.236,
2020-21,Paul Reed Jr.,PF,204.47,278.13,99.5168,95.25
2020-21,Paul Eboua,PF_SF,198.12,274.32,100.8788,90.17
2020-21,Nick Richards,C,209.55,279.4,109.6864,86.36
2020-21,Nathan Knight,C_PF,203.2,278.13,106.69,80.01
2020-21,Naji Marshall,SF,197.485,260.35,106.009,88.9
2020-21,Myles Powell,SG_PG,184.15,251.46,88.076,
2020-21,Mason Jones,SG,192.405,260.35,94.0688,78.74
2020-21,Markus Howard,PG,176.53,232.41,77.5432,90.17
2020-21,Mamadi Diakite,PF,204.47,271.78,100.8334,93.98
2020-21,Lamar Stevens,PF_SF,197.485,256.54,103.512,104.14
2020-21,Killian Tillie,PF,205.105,269.24,100.6064,81.28
2020-21,Kenyon Martin Jr.,PF_SF,198.12,259.08,96.7928,97.79
2020-21,Karim Mane,SG_PG,195.58,259.08,88.984,91.44
2020-21,Kaleb Wesson,C,206.375,283.21,114.6804,68.58
2020-21,Kahlil Whitney,SF,196.85,267.97,93.07,99.06
2020-21,Joshua Hall,SF,198.12,265.43,89.2564,95.25
2020-21,Josh Green,SF_SG,194.31,257.81,97.156,100.33
2020-21,Jordan Nwora,PF_SF,197.485,264.16,101.242,88.9
2020-21,Jayden Scrubb,SF_SG,195.58,265.43,84.0808,
2020-21,Jalen Smith,C_PF,206.375,279.4,101.9684,
2020-21,Jalen Harris,SG,189.865,247.65,87.8036,107.95
2020-21,Jahmi'us Ramsey,SG,189.23,255.27,87.8036,
2020-21,Isaiah Stewart,C,201.295,275.59,110.322,
2020-21,Isaiah Joe,SG,190.5,256.54,77.3616,
2020-21,Immanuel Quickley,SG,187.96,251.46,84.3532,90.17
2020-21,Grant Riller,SG_PG,183.515,245.11,80.9936,100.33
2020-21,Elijah Hughes,SF_SG,194.945,257.81,103.966,
2020-21,Devon Dotson,PG,184.15,241.3,84.0808,102.87
2020-21,Cassius Winston,PG,184.15,246.38,88.984,71.12
2020-21,Cassius Stanley,SG,195.58,252.73,91.5264,111.76
2020-21,CJ Elleby,SF_SG,196.85,255.27,90.1644,92.71
2020-21,Ashton Hagans,PG,186.69,252.73,87.622,92.71
2019-20,Admiral Schofield,SF,193.04,260.35,109.2324,86.36
2019-20,Bol Bol,C,215.265,293.37,94.432,
2019-20,Brandon Clarke,SF,201.295,259.08,94.0688,102.87
2019-20,Brian Bowen II,SF,198.755,261.62,90.8,90.17
2019-20,Bruno Fernando,C,205.105,279.4,107.598,85.09
2019-20,Cameron Johnson,SG,200.66,261.62,93.1608,92.71
2019-20,Cameron Reddish,SF,199.39,267.97,94.3412,
2019-20,Carsen Edwards,PG,179.705,240.03,90.5276,86.36
2019-20,Charles Bassey,C,205.105,278.13,108.506,83.82
2019-20,Charles Matthews,SG,195.58,261.62,88.4392,95.25
2019-20,Coby White,PG,191.77,247.65,86.8956,
2019-20,Cody Martin,SG_PG,194.945,260.35,87.2588,90.17
2019-20,DaQuan Jeffries,PF_SF,193.04,264.16,97.8824,
2019-20,Daniel Gafford,PF,206.375,279.4,107.8704,92.71
2019-20,Darius Bazley,PF,202.565,271.78,94.6136,93.98
2019-20,Darius Garland,PG,,,,
2019-20,Dedric Lawson,PF,200.66,273.05,105.782,66.04
2019-20,Devon Dotson,PG,182.88,242.57,81.0844,97.79
2019-20,Dewan Hernandez,C,205.74,271.78,105.6912,90.17
2019-20,Dylan Windler,SF,198.755,265.43,88.8932,95.25
2019-20,Eric Paschall,SF,198.12,262.89,115.4976,96.52
2019-20,Grant Williams,PF,197.485,265.43,109.0508,80.01
2019-20,Ignas Brazdeikis,SF,197.485,259.08,100.2432,92.71
2019-20,Isaiah Roby,PF,201.295,269.24,97.156,90.17
2019-20,Ja Morant,PG,,,,
2019-20,Jalen Hoard,PF,201.295,267.97,96.5204,90.17
2019-20,Jalen Lecque,PG,189.23,250.19,84.0808,109.22
2019-20,Jalen McDaniels,SF,203.835,267.97,86.9864,85.09
2019-20,Jared Harper,PG,177.165,238.76,76.8168,102.87
2019-20,Jarrett Culver,SG,196.215,255.27,88.1668,
2019-20,Jaxson Hayes,PF,208.915,280.67,99.2444,87.63
2019-20,Jaylen Hands,PG,186.69,246.38,81.9016,105.41
2019-20,Jaylen Nowell,SG,191.135,248.92,91.8896,97.79
2019-20,Jontay Porter,PF,207.645,278.13,95.5216,
2019-20,Jordan Bone,SG,186.69,241.3,81.266,107.95
2019-20,Jordan Nwora,PF,197.485,261.62,99.88,
2019-20,Jordan Poole,SG,191.77,252.73,86.6232,90.17
2019-20,KZ Okpala,SF,201.295,270.51,95.1584,93.98
2019-20,Keldon Johnson,SG,194.945,264.16,98.2456,
2019-20,Kevin Porter Jr.,SG,193.04,261.62,96.5204,86.36
2019-20,Kris Wilkes,SF,198.755,261.62,94.7952,88.9
2019-20,Ky Bowman,PG,185.42,248.92,82.2648,83.82
2019-20,Kyle Guy,SG,184.785,242.57,76.1812,92.71
2019-20,Louis King,SF,200.025,265.43,88.6208,83.82
2019-20,Luguentz Dort,PG,189.865,252.73,100.8788,96.52
2019-20,Luka Samanic,PF,207.01,271.78,103.1488,96.52
2019-20,Marial Shayok,PF_SF,194.31,262.89,89.3472,92.71
2019-20,Mfiondu Kabengele,PF,205.105,278.13,116.3148,90.17
2019-20,Miye Oni,SG,193.675,255.27,93.3424,97.79
2019-20,Moses Brown,C,216.535,287.02,107.6888,78.74
2019-20,Nassir Little,SF,194.31,265.43,101.7868,97.79
2019-20,Naz Reid,PF,205.105,276.86,116.1332,82.55
2019-20,Neemias Queta,C,210.185,283.21,102.5132,82.55
2019-20,Nickeil Alexander-Walker,SG,193.675,259.08,92.5252,
2019-20,Nicolas Claxton,C,208.28,279.4,98.3364,92.71
2019-20,O'Shae Brissett,PF_SF,200.66,264.16,92.2528,95.25
2019-20,P.J. Washington,PF,199.39,270.51,104.6016,
2019-20,Quentin Grimes,SG,193.04,255.27,95.1584,91.44
2019-20,Quinndary Weatherspoon,SG,190.5,254,93.7964,96.52
2019-20,RJ Barrett,SF,,,,
2019-20,Reggie Perry,PF_SF,203.2,269.24,113.8632,80.01
2019-20,Romeo Langford,SG,194.31,261.62,,
2019-20,Shamorie Ponds,PG,181.61,245.11,81.72,93.98
2019-20,Simisola Shittu,PF,204.47,269.24,103.1488,90.17
2019-20,Tacko Fall,C,226.695,311.15,131.1152,67.31
2019-20,Talen Horton-Tucker,SG,189.23,261.62,106.8716,87.63
2019-20,Terance Mann,SF_SG,194.945,256.54,92.8884,97.79
2019-20,Terence Davis,SG,190.5,256.54,87.3496,86.36
2019-20,Tremont Waters,PG,176.53,237.49,78.2696,102.87
2019-20,Ty Jerome,PG,193.675,248.92,88.2576,80.01
2019-20,Tyler Cook,PF,201.295,270.51,111.4116,81.28
2019-20,Tyler Herro,SG,194.31,255.27,87.3496,
2019-20,Zach Norvell Jr.,SG,194.31,256.54,93.7056,76.2
2019-20,Zion Williamson,PF,,,,
2018-19,Zhaire Smith,SF_SG,189.865,254,90.1644,105.41
2018-19,Yante Maten,C_PF,201.295,273.05,111.7748,80.01
2018-19,Wendell Carter,C_PF,205.105,276.86,114.1356,
2018-19,Udoka Azubuike,C,208.28,285.75,124.3052,80.01
2018-19,Tyus Battle,SG,195.58,259.08,90.8908,95.25
2018-19,Troy Brown,SF,197.485,266.7,94.432,83.82
2018-19,Trevon Duval,PG,186.69,247.65,86.714,105.41
2018-19,Trae Young,PG,184.15,242.57,80.7212,
2018-19,Tony Carr,PG,190.5,254,90.2552,80.01
2018-19,Theo Pinson,SF_SG,195.58,262.89,95.8848,86.36
2018-19,Sviatoslav Mykhailiuk,SF_SG,199.39,254,96.0664,93.98
2018-19,Shake Milton,SG_PG,194.31,252.73,94.0688,83.82
2018-19,Shai Gilgeous-Alexander,PG,194.31,264.16,81.72,
2018-19,Sagaba Konate,C,199.39,270.51,111.684,88.9
2018-19,Ray Spalding,PF,205.74,276.86,97.7916,81.28
2018-19,Rawle Alkins,SG,189.865,251.46,98.6996,102.87
2018-19,PJ Washington,PF,199.39,271.78,101.242,86.36
2018-19,Omari Spellman,C_PF,203.2,273.05,115.2252,90.17
2018-19,Moritz Wagner,C_PF,209.55,274.32,109.5956,86.36
2018-19,Mohamed Bamba,C,211.455,293.37,102.4224,
2018-19,Miles Bridges,SF,196.215,262.89,100.0616,
2018-19,Michael Porter,PF_SF,207.01,275.59,95.794,
2018-19,Melvin Frazier,SF_SG,194.31,266.7,89.9828,102.87
2018-19,Malik Newman,SG,189.23,250.19,85.8968,85.09
2018-19,Lonnie Walker,SG,192.405,252.73,89.0748,101.6
2018-19,Landry Shamet,PG,193.04,254,85.6244,100.33
2018-19,Kris Wilkes,SF,199.39,262.89,93.07,90.17
2018-19,Kostas Antetokounmpo,PF,205.74,279.4,88.4392,88.9
2018-19,Khyri Thomas,SG,189.23,256.54,90.2552,88.9
2018-19,Kevin Knox,SF,202.565,274.32,96.5204,
2018-19,Kevin Huerter,SG,198.755,257.81,88.076,96.52
2018-19,Kevin Hervey,PF,199.39,271.78,96.0664,81.28
2018-19,Kenrich Williams,SF,198.12,262.89,90.9816,83.82
2018-19,Keita Bates-Diop,SF_SG,201.295,270.51,101.6052,88.9
2018-19,Keenan Evans,PG,186.69,248.92,83.1728,
2018-19,Justin Jackson,PF,198.12,266.7,104.1476,
2018-19,Josh Okogie,SG,190.5,259.08,95.7032,106.68
2018-19,Jontay Porter,C_PF,208.28,276.86,107.144,78.74
2018-19,Jevon Carter,PG,183.515,241.3,89.0748,92.71
2018-19,Jerome Robinson,SG,193.04,248.92,85.5336,
2018-19,Jaylen Hands,PG,186.69,248.92,81.266,100.33
2018-19,Jaylen Barford,SG_PG,186.055,245.11,94.2504,83.82
2018-19,Jaren Jackson,C_PF,207.645,279.4,107.144,
2018-19,Jalen Brunson,PG,185.42,243.84,90.0736,93.98
2018-19,Jacob Evans,SF_SG,193.675,260.35,90.6184,90.17
2018-19,Isaac Haas,C,216.535,283.21,137.562,
2018-19,Hamidou Diallo,SG,193.675,261.62,89.438,102.87
2018-19,Grayson Allen,SG,190.5,246.38,89.892,102.87
2018-19,George King,SF_SG,194.945,257.81,99.2444,99.06
2018-19,Gary Trent,SG,193.675,248.92,92.7068,100.33
2018-19,Donte DiVincenzo,SG,191.77,247.65,91.0724,106.68
2018-19,Devonte Graham,PG,183.515,243.84,84.6256,93.98
2018-19,Devon Hall,SG,193.675,259.08,93.7056,78.74
2018-19,DeAnthony Melton,SG_PG,188.595,252.73,87.7128,92.71
2018-19,Collin Sexton,PG,184.15,250.19,83.082,
2018-19,Cody Martin,SF_SG,194.945,260.35,85.6244,92.71
2018-19,Chimezie Metu,C_PF,204.47,274.32,99.6984,91.44
2018-19,Carsen Edwards,PG,179.705,240.03,88.8024,87.63
2018-19,Caleb Martin,SF_SG,194.945,257.81,88.8932,92.71
2018-19,Bruno Fernando,C,205.105,276.86,105.8728,88.9
2018-19,Bruce Brown,SG_PG,191.77,250.19,88.3484,96.52
2018-19,Brian Bowen,SF_SG,198.755,262.89,91.708,86.36
2018-19,Brandon McCoy,C,212.09,280.67,113.6816,81.28
2018-19,Billy Preston,PF,205.105,274.32,100.9696,83.82
2018-19,Austin Wiley,C,203.835,281.94,113.2276,85.09
2018-19,Anfernee Simons,SG_PG,188.595,252.73,83.1728,105.41
2018-19,Allonzo Trier,SG,192.405,248.92,89.892,101.6
2018-19,Alize Johnson,PF,201.295,261.62,98.3364,78.74
2018-19,Aaron Holiday,PG,182.245,246.38,84.898,83.82
2017-18,Alec Peters,PF,201.295,266.7,105.328,
2017-18,Caleb Swanigan,PF,201.93,274.32,111.5024,
2017-18,Cameron Oliver,PF,200.66,270.51,108.3244,100.33
2017-18,Chris Boucher,PF,203.2,280.67,82.7188,
2017-18,D.J. Wilson,PF,205.105,278.13,106.4176,
2017-18,Damyean Dotson,SF_SG,194.31,254,93.1608,96.52
2017-18,Davon Reed,SF_SG,194.31,259.08,93.6148,91.44
2017-18,De?Aaron Fox,PG,187.96,254,76.9984,
2017-18,Derrick Walton Jr.,PG,180.34,241.3,85.6244,82.55
2017-18,Derrick White,PG,191.135,257.81,86.1692,92.71
2017-18,Devin Robinson,SF,200.66,269.24,86.0784,105.41
2017-18,Dillon Brooks,SF_SG,195.58,255.27,99.9708,95.25
2017-18,Donovan Mitchell,SG,186.055,246.38,95.9756,102.87
2017-18,Dwayne Bacon,SF_SG,194.945,262.89,100.6064,92.71
2017-18,Edmond Sumner,PG,193.04,260.35,80.0856,
2017-18,Edrice Adebayo,C_PF,205.105,274.32,110.1404,97.79
2017-18,Frank Jackson,PG,187.96,248.92,91.5264,106.68
2017-18,Frank Mason III,PG,180.34,238.76,85.7152,104.14
2017-18,Hamidou Diallo,SF_SG,192.405,257.81,89.6196,113.03
2017-18,Harry Giles,PF,206.375,278.13,105.328,82.55
2017-18,Ike Anigbogu,C,204.47,280.67,114.4988,82.55
2017-18,Isaiah Briscoe,PG,186.055,252.73,100.9696,85.09
2017-18,Isaiah Hicks,PF,201.295,266.7,105.9636,93.98
2017-18,Ivan Rabb,PF,205.105,276.86,99.6984,82.55
2017-18,Jamel Artis,SF_SG,196.85,266.7,96.7928,78.74
2017-18,Jaron Blossomgame,SF,197.485,265.43,99.2444,90.17
2017-18,Jarrett Allen,C,205.74,278.13,106.0544,90.17
2017-18,Jawun Evans,PG,179.705,241.3,84.0808,85.09
2017-18,John Collins,PF,203.835,270.51,102.2408,95.25
2017-18,Johnathan Motley,PF,202.565,274.32,108.1428,
2017-18,Jordan Bell,PF,200.66,265.43,101.5144,96.52
2017-18,Josh Hart,SF_SG,192.405,256.54,94.9768,90.17
2017-18,Justin Jackson (UMD),SF,197.485,271.78,99.6076,80.01
2017-18,Justin Jackson (UNC),SF,200.66,265.43,91.1632,90.17
2017-18,Justin Patton,C,208.28,283.21,103.966,77.47
2017-18,Kadeem Allen,PG,185.42,252.73,87.3496,90.17
2017-18,Kennedy Meeks,C,205.105,269.24,125.5764,77.47
2017-18,Kobi Simmons,PG,191.135,251.46,75.4548,97.79
2017-18,Kyle Kuzma,SF_SG,203.2,273.05,101.0604,86.36
2017-18,Luke Kennard,SF_SG,194.31,250.19,89.0748,
2017-18,Markelle Fultz,PG,,,,
2017-18,Melo Trimble,PG,186.055,242.57,88.6208,81.28
2017-18,Monte Morris,PG,186.055,245.11,79.5408,85.09
2017-18,Moritz Wagner,PF,208.28,274.32,104.9648,82.55
2017-18,Nigel Hayes,PF,198.755,265.43,115.4068,85.09
2017-18,Nigel Williams-Goss,PG,186.69,251.46,86.3508,87.63
2017-18,OG Anunoby,SF,198.755,273.05,105.5096,
2017-18,Omer Yurtseven,C,209.55,275.59,112.7736,80.01
2017-18,PJ Dozier,SG,196.215,256.54,91.0724,99.06
2017-18,Peter Jok,SF_SG,193.675,259.08,91.8896,78.74
2017-18,Rawle Alkins,SF_SG,189.23,251.46,101.0604,102.87
2017-18,Semi Ojeleye,SF_SG,196.215,259.08,109.5956,102.87
2017-18,Sindarius Thornwell,SF_SG,191.77,261.62,96.0664,77.47
2017-18,Svi Mykhailiuk,SF_SG,199.39,254,99.6984,83.82
2017-18,TJ Leaf,PF,205.105,271.78,100.8788,87.63
2017-18,Terrance Ferguson,SF_SG,196.85,261.62,83.7176,96.52
2017-18,Thomas Bryant,C_PF,207.01,285.75,112.5012,83.82
2017-18,Thomas Welsh,C_PF,212.09,278.13,115.316,
2017-18,Tony Bradley,C,206.375,285.75,112.9552,69.85
2017-18,Tyler Dorsey,SG,190.5,252.73,82.9004,91.44
2017-18,Tyler Lydon,PF,203.835,273.05,97.61,85.09
2017-18,V.J. Beachem,SF_SG,198.755,265.43,87.8036,93.98
2017-18,Wesley Iwundu,SF_SG,196.85,267.97,87.8036,91.44
2017-18,Zach Collins,C_PF,208.915,281.94,105.4188,
2016-17,Zhou Qi,C_PF,216.535,285.75,99.0628,81.28
2016-17,Wayne Selden,SG,193.675,256.54,105.5096,
2016-17,Wade Baldwin IV,PG,189.23,254,91.6172,96.52
2016-17,Tyler Ulis,PG,174.625,224.79,67.7368,96.52
2016-17,Troy Williams,SF,197.485,259.08,98.8812,91.44
2016-17,Thon Maker,PF,212.725,280.67,98.064,92.71
2016-17,Taurean Prince,SF,199.39,259.08,99.9708,91.44
2016-17,Stephen Zimmerman,C,208.915,275.59,106.236,78.74
2016-17,Skal Labissiere,C_PF,209.55,267.97,97.9732,
2016-17,Ron Baker,SG,191.135,247.65,96.4296,90.17
2016-17,Perry Ellis,PF,200.66,259.08,98.8812,96.52
2016-17,Patrick McCaw,SG_PG,196.215,255.27,82.0832,96.52
2016-17,Pascal Siakam,PF,203.835,273.05,102.8764,92.71
2016-17,Nigel Hayes,PF_SF,198.755,273.05,111.23,72.39
2016-17,Michael Gbinije,SG,196.85,256.54,92.8884,95.25
2016-17,Melo Trimble,PG,186.055,234.95,87.0772,90.17
2016-17,Marquese Chriss,PF,205.105,266.7,105.782,97.79
2016-17,Marcus Paige,PG,184.15,246.38,74.3652,100.33
2016-17,Marcus Lee,C_PF,205.74,273.05,95.794,90.17
2016-17,Malik Newman,SG,188.595,247.65,82.7188,90.17
2016-17,Malik Beasley,SG,191.77,255.27,86.1692,
2016-17,Malcolm Brogdon,SG,192.405,248.92,101.242,90.17
2016-17,Malachi Richardson,SF_SG,194.945,257.81,90.6184,96.52
2016-17,Kyle Wiltjer,PF,205.105,260.35,110.2312,90.17
2016-17,Kris Dunn,PG,190.5,254,,
2016-17,Kay Felder,PG,173.355,224.79,80.4488,111.76
2016-17,Justin Jackson,SF,200.66,262.89,87.8036,87.63
2016-17,Josh Hart,SG,193.04,252.73,92.4344,97.79
2016-17,Joel Bolomboy,PF,201.93,262.89,101.8776,102.87
2016-17,Jaylen Brown,SF_SG,196.215,260.35,101.1512,
2016-17,Jarrod Uthoff,PF,204.47,264.16,97.3376,87.63
2016-17,Jaron Blossomgame,SF,198.755,259.08,96.9744,104.14
2016-17,Jakob Poeltl,C,213.995,283.21,108.506,
2016-17,Jake Layman,SF,203.2,259.08,94.7044,100.33
2016-17,Isaiah Whitehead,SG_PG,191.135,254,95.34,90.17
2016-17,Isaiah Cousins,PG,191.135,250.19,88.076,93.98
2016-17,Henry Ellenson,PF,208.28,274.32,109.868,
2016-17,Georges Niang,PF,200.025,261.62,104.7832,78.74
2016-17,Gary Payton II,PG,187.96,252.73,83.4452,97.79
2016-17,Elgin Cook,SF,195.58,255.27,95.2492,
2016-17,Dorian Finney-Smith,SF,199.39,267.97,96.5204,90.17
2016-17,Diamond Stone,C,205.74,275.59,115.4976,74.93
2016-17,Deyonta Davis,PF,206.375,275.59,107.6888,
2016-17,Denzel Valentine,SF_SG,193.04,259.08,95.5216,81.28
2016-17,Demetrius Jackson,PG,182.88,236.22,87.9852,110.49
2016-17,DeAndre Bembry,SF_SG,193.675,256.54,93.7964,96.52
2016-17,Daniel Hamilton,SF_SG,198.755,262.89,89.438,73.66
2016-17,Damian Jones,C,208.915,271.78,110.5944,93.98
2016-17,Chinanu Onuaku,C,205.74,275.59,111.3208,85.09
2016-17,Cheick Diallo,PF,201.93,273.05,99.2444,88.9
2016-17,Cat Barber,PG,186.69,242.57,78.542,
2016-17,Caris LeVert,SG,197.485,256.54,86.714,
2016-17,Caleb Swanigan,PF,201.93,271.78,111.9564,73.66
2016-17,Buddy Hield,SG,192.405,256.54,96.4296,
2016-17,Brice Johnson,PF,205.74,270.51,94.7044,96.52
2016-17,Ben Bentil,PF,201.295,266.7,104.0568,83.82
2015-16,Aaron Harrison,SG,194.31,255.27,94.9768,87.63
2015-16,Alan Williams,PF,201.295,270.51,118.6756,72.39
2015-16,Andrew Harrison,PG,194.31,254,96.7928,83.82
2015-16,Anthony Brown,SF_SG,197.485,265.43,95.794,87.63
2015-16,Bobby Portis,PF,207.01,275.59,111.7748,80.01
2015-16,Branden Dawson,PF,196.85,266.7,104.5108,87.63
2015-16,Brandon Ashley,PF,201.295,266.7,103.512,90.17
2015-16,Cameron Payne,PG,184.785,247.65,82.9912,90.17
2015-16,Chasson Randle,PG,183.515,245.11,81.1752,100.33
2015-16,Chris McCullough,PF,203.835,276.86,90.346,
2015-16,Chris Walker,PF,205.105,274.32,94.432,93.98
2015-16,Christian Wood,PF,206.375,283.21,98.064,
2015-16,Cliff Alexander,C_PF,201.295,278.13,108.5968,
2015-16,Corey Hawkins,SG_PG,184.785,252.73,87.0772,86.36
2015-16,D?Angelo Russell,SG_PG,191.135,259.08,87.8036,
2015-16,Dakari Johnson,C,210.82,284.48,120.1284,63.5
2015-16,Delon Wright,PG,193.675,257.81,82.3556,78.74
2015-16,Devin Booker,SG,194.31,260.35,93.4332,87.63
2015-16,Dez Wells,SG,190.5,255.27,94.7952,99.06
2015-16,Frank Kaminsky,C_PF,212.725,278.13,104.9648,
2015-16,J.P. Tokoto,SF_SG,196.215,255.27,88.8932,101.6
2015-16,Jarell Martin,PF,203.2,270.51,108.3244,88.9
2015-16,Jerian Grant,PG,191.135,254,89.892,
2015-16,Jonathan Holmes,PF_SF,203.835,273.05,109.9588,78.74
2015-16,Jordan Mickey,PF,200.66,269.24,108.052,95.25
2015-16,Justin Anderson,SF_SG,196.215,256.54,104.6924,109.22
2015-16,Justise Winslow,SF,194.31,265.43,100.6972,
2015-16,Keifer Sykes,PG,179.07,236.22,75.9088,109.22
2015-16,Kelly Oubre,SF_SG,197.485,260.35,92.0712,93.98
2015-16,Kevon Looney,PF,203.2,279.4,100.9696,
2015-16,Larry Nance,PF,201.93,274.32,102.8764,95.25
2015-16,Marcus Thornton,SG_PG,187.325,247.65,80.5396,109.22
2015-16,Michael Frazier II,SG,192.405,257.81,90.5276,88.9
2015-16,Michael Qualls,SF_SG,193.04,265.43,91.4356,100.33
2015-16,Montrezl Harrell,PF,200.66,276.86,115.0436,
2015-16,Myles Turner,C_PF,207.645,284.48,108.3244,
2015-16,Norman Powell,SG,190.5,260.35,97.7916,102.87
2015-16,Olivier Hanlan,SG_PG,191.135,254,84.3532,86.36
2015-16,Pat Connaughton,SG,193.04,243.84,97.61,111.76
2015-16,Quinn Cook,PG,183.515,245.11,81.266,78.74
2015-16,R.J. Hunter,SG,194.31,264.16,83.99,85.09
2015-16,Rakeem Christmas,C_PF,203.835,280.67,110.1404,81.28
2015-16,Rashad Vaughn,SG,192.405,256.54,90.1644,86.36
2015-16,Richaun Holmes,PF,203.835,274.32,110.2312,91.44
2015-16,Robert Upshaw,C,210.185,287.02,117.2228,
2015-16,Rondae Hollis-Jefferson,SF,196.85,264.16,95.7032,96.52
2015-16,Ryan Boatright,PG,177.8,234.95,76.9984,104.14
2015-16,Sam Dekker,SF,202.565,269.24,99.2444,87.63
2015-16,Stanley Johnson,SF,195.58,259.08,109.7772,
2015-16,TJ McConnell,PG,184.15,245.11,85.2612,80.01
2015-16,Terran Petteway,SG,194.945,265.43,94.9768,78.74
2015-16,Terry Rozier,SG_PG,184.15,250.19,86.3508,96.52
2015-16,Treveon Graham,SF,193.04,261.62,99.6076,80.01
2015-16,Trey Lyles,PF,205.74,274.32,109.5048,
2015-16,Tyler Harvey,SG,189.865,250.19,82.3556,72.39
2015-16,Tyus Jones,PG,184.15,246.38,83.8084,82.55
2015-16,Vince Hunter,PF,200.025,265.43,94.6136,95.25
2015-16,Willie Cauley-Stein,C,211.455,281.94,110.0496,
2014-15,Zach LaVine,PG,194.31,254,82.1286,105.41
2014-15,Xavier Thames,PG,188.595,243.84,84.898,82.55
2014-15,Tyler Ennis,PG,185.42,248.92,82.401,91.44
2014-15,Thanasis Antetokounmpo,SF,196.215,265.43,93.1608,100.33
2014-15,T.J. Warren,SF,200.66,264.16,99.9708,90.17
2014-15,Spencer Dinwiddie,PG,194.31,261.62,93.0246,
2014-15,Shabazz Napier,PG,180.34,236.22,79.5408,95.25
2014-15,Semaj Christon,PG,186.69,251.46,84.444,92.71
2014-15,Sean Kilpatrick,SG,189.23,251.46,99.2898,
2014-15,Russ Smith,PG,181.61,241.3,72.64,86.36
2014-15,Rodney Hood,SF,201.295,261.62,94.5228,91.44
2014-15,Patric Young,PF,204.47,262.89,112.0472,95.25
2014-15,P.J. Hairston,SG,193.675,256.54,103.8752,93.98
2014-15,Noah Vonleh,PF,203.2,274.32,112.1834,93.98
2014-15,Nik Stauskas,SG,196.215,259.08,93.9326,90.17
2014-15,Nick Johnson,SG,186.69,245.11,89.892,105.41
2014-15,Melvin Ejim,SF,196.215,262.89,99.199,88.9
2014-15,Markel Brown,SG,189.23,254,83.7176,110.49
2014-15,Marcus Smart,PG,187.96,251.46,103.1488,91.44
2014-15,Lamar Patterson,SG,193.04,256.54,102.604,82.55
2014-15,LaQuinton Ross,SF,199.39,269.24,108.3698,78.74
2014-15,Kyle Anderson,SF,201.93,273.05,104.4654,
2014-15,Khem Birch,PF,201.93,271.78,94.7952,90.17
2014-15,Kendall Williams,PG,188.595,251.46,83.082,83.82
2014-15,K.J. McDaniels,SF,194.31,259.08,88.8024,93.98
2014-15,Julius Randle,PF,202.565,267.97,113.3638,90.17
2014-15,Jordan McRae,SG,192.405,264.16,81.4476,87.63
2014-15,Jordan Clarkson,PG,191.135,248.92,84.5802,97.79
2014-15,Jordan Bachynski,PF,216.535,275.59,115.3614,83.82
2014-15,Jordan Adams,SG,191.77,259.08,94.7952,74.93
2014-15,Johnny O?Bryant III,PF,201.295,266.7,116.5872,90.17
2014-15,Joe Harris,SG,194.945,254,97.61,85.09
2014-15,Jerami Grant,SF,199.39,271.78,97.156,
2014-15,Jarnell Stokes,PF,200.66,262.89,119.3112,91.44
2014-15,James Young,SG,196.215,264.16,96.8382,90.17
2014-15,James McAdoo,PF,201.93,270.51,103.3304,86.36
2014-15,Jabari Brown,SG,190.5,254,91.6626,81.28
2014-15,Glenn Robinson III,SF,196.85,255.27,95.9756,105.41
2014-15,Gary Harris,SG,189.23,243.84,92.9792,
2014-15,Elfrid Payton,PG,189.23,250.19,84.1716,90.17
2014-15,Dwight Powell,PF,207.01,266.7,106.4176,88.9
2014-15,Doug McDermott,SF,198.755,261.62,98.972,92.71
2014-15,Devyn Marble,SG,195.58,259.08,87.3496,88.9
2014-15,Deonte Burton,PG,182.88,247.65,87.5312,100.33
2014-15,DeAndre Daniels,SF,201.295,270.51,88.984,81.28
2014-15,Dante Exum,SG,194.31,261.62,89.1202,87.63
2014-15,Cory Jefferson,PF,202.565,266.7,99.1536,95.25
2014-15,Cleanthony Early,SF,198.12,257.81,95.0676,101.6
2014-15,Cameron Bairstow,PF,205.105,271.78,114.5896,85.09
2014-15,C.J. Wilcox,SG,191.77,255.27,91.254,95.25
2014-15,C.J. Fair,SF,199.39,264.16,99.0174,88.9
2014-15,Alex Kirk,PF,206.375,278.13,114.408,80.01
2014-15,Alec Brown,PF,213.995,276.86,104.9648,76.2
2014-15,Adreian Payne,PF,205.74,276.86,108.279,
2014-15,Aaron Gordon,PF,201.93,266.7,99.9254,99.06
2014-15,Aaron Craft,PG,184.785,240.03,86.9864,81.28
2013-14,Adonis Thomas,SF,194.945,251.46,105.2372,102.87
2013-14,Alex Len,C,,,,
2013-14,Allen Crabbe,SG,196.215,262.89,89.6196,91.44
2013-14,Andre Roberson,PF_SF,198.755,265.43,93.4332,92.71
2013-14,Archie Goodwin,SG,192.405,259.08,85.806,91.44
2013-14,BJ Young,SG_PG,188.595,251.46,81.1752,
2013-14,Ben McLemore,SG,191.77,255.27,85.8968,106.68
2013-14,Brandon Davies,PF,204.47,275.59,109.7772,80.01
2013-14,Brandon Paul,SG,189.865,248.92,91.254,100.33
2013-14,CJ Leslie,PF_SF,201.93,265.43,94.9768,102.87
2013-14,CJ McCollum,SG_PG,188.595,245.11,89.438,97.79
2013-14,Carrick Felix,SF_SG,194.945,262.89,91.9804,97.79
2013-14,Cody Zeller,C_PF,210.185,269.24,104.42,95.25
2013-14,Colton Iverson,C,209.55,279.4,119.3112,76.2
2013-14,Dennis Schroder,PG,185.42,248.92,74.8192,86.36
2013-14,Deshaun Thomas,SF,195.58,264.16,99.7892,81.28
2013-14,Dewayne Dedmon,C,208.28,276.86,108.4152,82.55
2013-14,Erick Green,PG,186.69,248.92,80.9028,
2013-14,Erik Murphy,PF,205.105,274.32,108.8692,74.93
2013-14,Glen Rice,SF_SG,194.31,257.81,95.7032,102.87
2013-14,Gorgui Dieng,C,207.645,283.21,104.2384,
2013-14,Grant Jerrett,PF,205.105,276.86,105.328,86.36
2013-14,Isaiah Canaan,PG,180.34,240.03,85.5336,102.87
2013-14,Jackie Carmichael,PF,201.93,271.78,109.5048,81.28
2013-14,Jamaal Franklin,SF_SG,193.04,262.89,86.6232,
2013-14,James Ennis,SF,197.485,265.43,91.1632,92.71
2013-14,James Southerland,PF_SF,200.66,269.24,100.1524,81.28
2013-14,Jeff Withey,C,210.185,280.67,100.6972,73.66
2013-14,Kelly Olynyk,C_PF,210.185,274.32,106.236,74.93
2013-14,Kenny Kadji,C_PF,205.105,270.51,109.6864,96.52
2013-14,Kentavious Caldwell-Pope,SG,194.31,255.27,92.4344,87.63
2013-14,Lorenzo Brown,PG,193.04,254,85.8968,86.36
2013-14,Mason Plumlee,C_PF,211.455,274.32,108.1428,91.44
2013-14,Michael Carter-Williams,PG,194.945,256.54,83.7176,104.14
2013-14,Mike Muscala,C_PF,208.915,274.32,104.5108,85.09
2013-14,Myck Kabongo,PG,186.055,248.92,81.9016,85.09
2013-14,Nate Wolters,PG,191.77,248.92,89.1656,
2013-14,Nerlens Noel,C,208.28,279.4,93.7056,
2013-14,Norvel Pelle,C_PF,207.01,276.86,94.0688,87.63
2013-14,Otto Porter,SF,201.93,267.97,89.7104,91.44
2013-14,Peyton Siva,PG,181.61,236.22,81.9924,105.41
2013-14,Phil Pressey,PG,176.53,233.68,80.358,97.79
2013-14,Pierre Jackson,PG,176.53,228.6,79.904,
2013-14,Ray McCallum,PG,183.515,245.11,86.8956,101.6
2013-14,Reggie Bullock,SF_SG,197.485,259.08,90.7092,92.71
2013-14,Richard Howell,PF,198.755,267.97,113.3184,
2013-14,Ricky Ledo,SG,194.945,260.35,89.5288,85.09
2013-14,Robert Covington,PF_SF,198.755,269.24,94.7044,91.44
2013-14,Rudy Gobert,C,214.63,292.1,107.8704,73.66
2013-14,Ryan Kelly,PF,207.645,279.4,103.512,
2013-14,Seth Curry,SG,185.42,247.65,81.3568,
2013-14,Shabazz Muhammad,SF_SG,194.945,265.43,100.6972,93.98
2013-14,Shane Larkin,PG,178.435,227.33,77.5432,111.76
2013-14,Solomon Hill,SF,196.85,261.62,102.604,95.25
2013-14,Steven Adams,C,210.185,278.13,115.543,83.82
2013-14,Tim Hardaway Jr.,SG,194.31,256.54,90.5276,95.25
2013-14,Tony Mitchell,PF_SF,201.93,270.51,107.3256,96.52
2013-14,Tony Snell,SF_SG,198.12,267.97,89.9828,92.71
2013-14,Trevor Mbakwe,PF,200.025,270.51,107.0532,92.71
2013-14,Trey Burke,PG,182.245,247.65,84.898,92.71
2013-14,Vander Blue,SG,191.77,255.27,89.6196,95.25
2013-14,Victor Oladipo,SG,191.135,255.27,96.7928,106.68
2013-14,Will Clyburn,SF_SG,197.485,266.7,95.5216,87.63
2012-13,William Buford,SF_SG,193.04,259.08,97.4284,82.55
2012-13,Will Barton,SF_SG,195.58,260.35,79.1776,86.36
2012-13,Tyshawn Taylor,PG,189.865,247.65,80.358,92.71
2012-13,Tyler Zeller,C_PF,211.455,265.43,112.3196,86.36
2012-13,Tu Holloway,PG,179.07,240.03,84.8072,88.9
2012-13,Tony Wroten,PG,194.945,256.54,92.2528,90.17
2012-13,Tony Mitchell,SG,196.215,254,98.2456,101.6
2012-13,Tomas Satoransky,SG_PG,199.39,254,91.0724,
2012-13,Thomas Robinson,PF,202.565,269.24,110.8668,90.17
2012-13,Terrence Ross,SF_SG,198.12,255.27,89.2564,95.25
2012-13,Terrence Jones,PF_SF,203.835,271.78,114.408,87.63
2012-13,Scott Machado,PG,185.42,240.03,93.4332,82.55
2012-13,Royce White,PF,200.66,265.43,118.3124,
2012-13,Robbie Hummel,SF,201.295,259.08,98.972,76.2
2012-13,Quincy Miller,SF,205.105,266.7,99.2898,91.44
2012-13,Quincy Acy,PF,199.39,270.51,101.6052,93.98
2012-13,Perry Jones,PF_SF,208.915,271.78,106.1452,97.79
2012-13,Orlando Johnson,SG,192.405,251.46,101.6052,100.33
2012-13,Miles Plumlee,C_PF,209.55,267.97,114.5896,102.87
2012-13,Mike Scott,PF,201.295,264.16,109.3232,82.55
2012-13,Michael Kidd-Gilchrist,SF,197.485,265.43,105.6912,90.17
2012-13,Meyers Leonard,C,212.725,274.32,113.4092,82.55
2012-13,Maurice Harkless,SF,201.295,260.35,93.7964,93.98
2012-13,Marquis Teague,PG,185.42,245.11,81.6292,102.87
2012-13,Marcus Denmon,SG,188.595,240.03,85.4428,101.6
2012-13,Kyle O'Quinn,PF,204.47,270.51,109.3232,80.01
2012-13,Kris Joseph,SG,198.12,264.16,97.61,88.9
2012-13,Kim English,SG,194.31,248.92,87.168,92.71
2012-13,Khris Middleton,SF,200.025,261.62,98.1548,78.74
2012-13,Kevin Murphy,SG,195.58,251.46,88.076,92.71
2012-13,Kevin Jones,PF,198.755,266.7,114.0448,82.55
2012-13,Kendall Marshall,PG,191.135,243.84,90.0736,93.98
2012-13,Jordan Taylor,PG,185.42,234.95,87.5312,92.71
2012-13,John Jenkins,SG,191.135,248.92,96.248,92.71
2012-13,John Henson,PF,205.74,284.48,98.064,76.2
2012-13,Jeremy Lamb,SG,193.04,259.08,81.3568,96.52
2012-13,Jeff Taylor,SF_SG,198.12,257.81,96.6112,101.6
2012-13,Jared Sullinger,PF,202.565,267.97,121.7628,78.74
2012-13,Jared Cunningham,SG_PG,191.77,248.92,85.1704,
2012-13,Jae Crowder,SF,194.945,252.73,109.5048,87.63
2012-13,JaMychal Green,PF,203.2,270.51,98.6996,82.55
2012-13,J'Covan Brown,PG,185.42,243.84,91.8896,74.93
2012-13,Hollis Thompson,SF,200.025,260.35,93.524,92.71
2012-13,Henry Sims,C_PF,208.28,274.32,109.5048,74.93
2012-13,Harrison Barnes,SF_SG,200.66,257.81,103.4212,100.33
2012-13,Festus Ezeli,C_PF,207.645,274.32,119.9468,85.09
2012-13,Fab Melo,C,210.185,279.4,115.77,78.74
2012-13,Drew Gordon,PF,203.2,262.89,108.506,86.36
2012-13,Draymond Green,PF_SF,197.485,266.7,106.9624,83.82
2012-13,Doron Lamb,SG_PG,191.135,250.19,90.5276,85.09
2012-13,Dion Waiters,SG,189.23,248.92,100.334,
2012-13,Darius Miller,SF_SG,198.12,256.54,105.9636,93.98
2012-13,Darius Johnson-Odom,SG,186.69,243.84,96.248,105.41
2012-13,Damian Lillard,PG,187.325,242.57,85.7152,100.33
2012-13,Bradley Beal,SG,191.135,254,91.6172,99.06
2012-13,Bernard James,PF,205.105,275.59,104.3292,82.55
2012-13,Austin Rivers,SG_PG,191.77,245.11,92.0712,95.25
2012-13,Arnett Moultrie,PF,207.01,270.51,105.6912,95.25
2012-13,Anthony Davis,C_PF,206.375,274.32,100.6972,
2012-13,Andrew Nicholson,PF,204.47,271.78,106.236,77.47
2012-13,Andre Drummond,C,207.645,278.13,126.4844,85.09
2011-12,Alec Burks,SG,195.58,262.89,87.4404,91.44
2011-12,Andrew Goudelock,PG,186.055,245.11,89.7104,93.98
2011-12,Brandon Knight,PG,186.69,250.19,80.2672,95.25
2011-12,Chandler Parsons,SF,205.105,265.43,100.4248,80.01
2011-12,Charles Jenkins,SG_PG,186.69,245.11,98.2456,86.36
2011-12,Chris Singleton,SF,202.565,262.89,104.5108,95.25
2011-12,Cory Joseph,PG,187.96,251.46,84.5348,88.9
2011-12,Darius Morris,SG_PG,191.135,259.08,86.26,81.28
2011-12,David Lighty,SG,194.945,256.54,98.1548,83.82
2011-12,DeAndre Liggins,SF_SG,195.58,262.89,91.7988,78.74
2011-12,Demetri McCamey,PG,187.325,252.73,92.616,83.82
2011-12,Derrick Williams,PF_SF,201.295,274.32,112.7736,87.63
2011-12,E'Twaun Moore,SG,189.23,252.73,86.8956,87.63
2011-12,Enes Kanter,C_PF,207.645,278.13,117.6768,82.55
2011-12,Gregory Smith,C_PF,203.2,270.51,114.7712,91.44
2011-12,Iman Shumpert,SG_PG,193.675,252.73,100.6972,106.68
2011-12,Isaiah Thomas,PG,174.625,232.41,84.444,101.6
2011-12,JaJuan Johnson,PF,205.74,273.05,99.7892,96.52
2011-12,James Fredette,PG,184.785,245.11,88.984,83.82
2011-12,Jamie Skeen,PF,199.39,270.51,109.6864,77.47
2011-12,Jereme Richmond,SF,198.12,270.51,94.0688,85.09
2011-12,Jeremy Tyler,C_PF,205.74,280.67,119.1296,85.09
2011-12,Jimmy Butler,SF,198.12,257.81,100.8788,99.06
2011-12,Jon Diebler,SG,196.215,251.46,89.2564,88.9
2011-12,Jon Leuer,PF,208.28,267.97,101.3328,92.71
2011-12,Jordan Hamilton,SF,200.025,264.16,103.6936,81.28
2011-12,Jordan Williams,PF,202.565,270.51,112.2288,77.47
2011-12,Josh Selby,SG_PG,187.325,248.92,88.3484,106.68
2011-12,Justin Harper,PF_SF,203.2,269.24,103.512,83.82
2011-12,Kawhi Leonard,SF,198.12,269.24,103.2396,81.28
2011-12,Keith Benson,C_PF,208.28,278.13,98.518,91.44
2011-12,Kemba Walker,PG,181.61,232.41,83.536,100.33
2011-12,Kenneth Faried,PF,198.12,274.32,101.9684,88.9
2011-12,Klay Thompson,SG,197.485,262.89,93.3424,80.01
2011-12,Kyle Singler,SF,201.93,269.24,103.512,76.2
2011-12,Kyrie Irving,PG,187.325,251.46,86.714,
2011-12,LaceDarius Dunn,SG,190.5,256.54,85.2612,78.74
2011-12,Malcolm Lee,SG,193.04,257.81,89.9828,90.17
2011-12,Malcolm Thomas,PF,201.93,273.05,101.242,92.71
2011-12,Marcus Morris,PF_SF,200.66,267.97,104.2384,83.82
2011-12,Markieff Morris,PF,202.565,270.51,109.3232,80.01
2011-12,Marshon Brooks,SG,193.675,256.54,88.3484,97.79
2011-12,Michael Dunigan,C_PF,204.47,273.05,107.8704,87.63
2011-12,Nikola Vucevic,C_PF,208.915,285.75,117.9492,63.5
2011-12,Nolan Smith,PG,186.69,251.46,85.1704,86.36
2011-12,Norris Cole,PG,183.515,242.57,79.1776,97.79
2011-12,Rick Jackson,PF,203.835,270.51,109.7772,83.82
2011-12,Scotty Hopson,SG,197.485,262.89,92.8884,91.44
2011-12,Shelvin Mack,PG,185.42,245.11,94.886,99.06
2011-12,Tobias Harris,PF_SF,199.39,262.89,101.1512,95.25
2011-12,Travis Leslie,SG,190.5,261.62,93.07,102.87
2011-12,Trey Thompkins,PF,204.47,273.05,108.506,77.47
2011-12,Tristan Thompson,PF,201.93,275.59,103.2396,88.9
2011-12,Tyler Honeycutt,SF,200.025,266.7,84.8072,93.98
2010-11,Xavier Henry,SG,196.215,266.7,95.4308,92.71
2010-11,Willie Warren,SG_PG,189.23,252.73,94.6136,80.01
2010-11,Wesley Johnson,SF,198.755,269.24,93.7056,93.98
2010-11,Trevor Booker,PF,198.755,269.24,107.0532,91.44
2010-11,Terrico White,SG_PG,192.405,256.54,91.9804,101.6
2010-11,Sylven Landesberg,SG,194.945,255.27,95.34,81.28
2010-11,Stanley Robinson,SF,199.39,273.05,96.7928,95.25
2010-11,Solomon Alabi,C,212.09,287.02,107.7796,66.04
2010-11,Sherron Collins,PG,178.435,238.76,98.6088,83.82
2010-11,Ryan Richards,PF,209.55,279.4,104.5108,72.39
2010-11,Paul George,SF,202.565,271.78,97.3376,
2010-11,Patrick Patterson,PF,203.2,271.78,108.7784,85.09
2010-11,Mikhail Torrance,PG,193.04,261.62,94.7952,81.28
2010-11,Manny Harris,SG,193.04,259.08,84.0354,
2010-11,Luke Harangody,PF,198.12,269.24,109.0508,72.39
2010-11,Luke Babbitt,PF_SF,201.93,265.43,98.8812,95.25
2010-11,Lazar Hayward,SF_SG,194.31,259.08,102.5132,91.44
2010-11,Larry Sanders,C_PF,206.375,284.48,100.9696,71.12
2010-11,Lance Stephenson,SG,194.31,261.62,103.058,83.82
2010-11,Keith Gallon,C_PF,204.47,278.13,137.0172,72.39
2010-11,Jordan Crawford,SG,190.5,256.54,90.0736,87.63
2010-11,Jon Scheyer,SG_PG,194.945,251.46,81.72,
2010-11,John Wall,PG,189.865,257.81,88.8024,99.06
2010-11,Jerome Jordan,C,212.09,287.02,110.8668,
2010-11,Jarvis Varnado,C_PF,203.835,278.13,95.4308,82.55
2010-11,James Anderson,SF,194.945,264.16,94.2504,90.17
2010-11,Hassan Whiteside,C_PF,209.55,287.02,102.8764,80.01
2010-11,Greivis Vasquez,SG_PG,195.58,256.54,95.7032,
2010-11,Greg Monroe,C_PF,207.645,275.59,111.9564,73.66
2010-11,Gordon Hayward,SF,200.025,261.62,95.794,87.63
2010-11,Gani Lawal,PF,201.93,273.05,105.9636,80.01
2010-11,Evan Turner,SG,197.485,262.89,97.0652,87.63
2010-11,Eric Bledsoe,PG,183.515,248.92,86.9864,
2010-11,Ekpe Udoh,PF,205.105,270.51,107.7796,85.09
2010-11,Ed Davis,PF,205.74,274.32,102.8764,91.44
2010-11,Dominique Jones,SG,191.135,256.54,98.064,82.55
2010-11,Dexter Pittman,C_PF,207.01,281.94,137.3804,
2010-11,Devin Ebanks,SF,200.66,273.05,94.3412,81.28
2010-11,Derrick Favors,PF,205.105,279.4,111.3208,90.17
2010-11,Derrick Caracter,PF,203.835,273.05,127.12,77.47
2010-11,DeMarcus Cousins,C,207.01,287.02,132.4772,69.85
2010-11,Darington Hobson,SF_SG,196.215,265.43,92.4344,86.36
2010-11,Daniel Orton,C,205.105,280.67,122.2168,77.47
2010-11,Damion James,SF,198.755,271.78,102.8764,83.82
2010-11,Craig Brackins,PF_SF,204.47,276.86,103.966,88.9
2010-11,Cole Aldrich,C,205.74,283.21,107.144,71.12
2010-11,Charles Garcia,SF,203.835,273.05,105.1464,77.47
2010-11,Avery Bradley,SG_PG,187.96,250.19,81.9016,95.25
2010-11,Artsiom Parakhouski,C,208.915,278.13,121.7628,67.31
2010-11,Armon Johnson,SG_PG,187.96,252.73,88.6208,97.79
2010-11,Andy Rautins,SG,193.675,254,86.9864,77.47
2010-11,Al-Farouq Aminu,SF,201.295,275.59,98.064,85.09
2009-10,A.J. Price,PG,184.15,246.38,87.5312,78.74
2009-10,Austin Daye,PF_SF,207.645,279.4,87.0772,71.12
2009-10,Blake Griffin,PF,204.47,266.7,112.7736,90.17
2009-10,Byron Mullens,C,212.725,281.94,117.2228,82.55
2009-10,Chase Budinger,SF_SG,198.755,256.54,93.7056,97.79
2009-10,DaJuan Summers,SF,201.295,270.51,110.322,87.63
2009-10,Danny Green,SF_SG,196.215,261.62,94.432,83.82
2009-10,Dante Cunningham,PF,200.66,270.51,103.2396,88.9
2009-10,Darren Collison,PG,183.515,245.11,75.4548,85.09
2009-10,DeJuan Blair,PF,196.215,270.51,125.5764,83.82
2009-10,DeMar DeRozan,SF_SG,196.85,260.35,95.8848,97.79
2009-10,DeMarre Carroll,PF_SF,198.755,266.7,94.0688,
2009-10,Derrick Brown,PF_SF,201.93,273.05,101.9684,90.17
2009-10,Dionte Christmas,SG,193.675,260.35,95.7032,85.09
2009-10,Earl Clark,PF_SF,204.47,278.13,103.6936,83.82
2009-10,Eric Maynor,PG,188.595,246.38,74.2744,80.01
2009-10,Gerald Henderson,SF_SG,193.04,260.35,97.4284,88.9
2009-10,Hasheem Thabeet,C,216.535,287.02,121.3088,
2009-10,Jack McClinton,SG_PG,182.245,243.84,84.0808,92.71
2009-10,James Harden,SG,193.04,262.89,100.788,93.98
2009-10,James Johnson,PF_SF,200.66,267.97,116.7688,88.9
2009-10,Jeff Adrien,PF,196.215,273.05,107.2348,80.01
2009-10,Jeff Ayres,PF,205.105,271.78,108.7784,88.9
2009-10,Jeff Teague,PG,183.515,250.19,79.5408,92.71
2009-10,Jerel McNeal,SG,186.69,252.73,86.4416,92.71
2009-10,Jermaine Taylor,SG,191.77,256.54,94.1596,95.25
2009-10,Jodie Meeks,SG,190.5,248.92,95.9756,93.98
2009-10,Joe Ingles,SF,202.565,266.7,94.9768,78.74
2009-10,Jonny Flynn,PG,180.975,242.57,88.8024,101.6
2009-10,Jordan Hill,C_PF,206.375,274.32,105.5096,88.9
2009-10,Josh Heytvelt,C_PF,208.28,274.32,111.7748,86.36
2009-10,Jrue Holiday,SG_PG,191.135,255.27,90.346,86.36
2009-10,Marcus Thornton,SG,189.865,251.46,88.2576,83.82
2009-10,Omri Casspi,SF,202.565,270.51,95.8848,82.55
2009-10,Patty Mills,PG,180.975,241.3,79.6316,83.82
2009-10,Rodrigue Beaubois,PG,186.055,254,82.8096,99.06
2009-10,Sam Young,SF_SG,196.215,267.97,101.1512,83.82
2009-10,Stephen Curry,SG_PG,187.96,246.38,82.174,90.17
2009-10,Taj Gibson,PF,204.47,276.86,97.3376,76.2
2009-10,Terrence Williams,SF_SG,195.58,262.89,96.7928,93.98
2009-10,Toney Douglas,PG,185.42,247.65,83.2636,82.55
2009-10,Ty Lawson,PG,180.975,240.03,89.2564,92.71
2009-10,Tyler Hansbrough,PF,203.835,269.24,106.3268,86.36
2009-10,Tyler Smith,SF,196.215,265.43,96.248,85.09
2009-10,Tyreke Evans,SG_PG,193.04,264.16,100.1524,86.36
2009-10,Wayne Ellington,SG,193.675,254,91.8896,96.52
2008-09,Vladimir Golubovic,C,211.455,283.21,117.132,68.58
2008-09,Tyrone Brazelton,PG,177.8,238.76,75.364,86.36
2008-09,Trent Plaisted,PF,206.375,267.97,108.96,90.17
2008-09,Takais Brown,PF,201.295,269.24,114.408,78.74
2008-09,Stanley Burrell,PG,186.69,247.65,91.254,87.63
2008-09,Sonny Weems,SF_SG,193.04,264.16,87.622,92.71
2008-09,Shawn James,PF,202.565,281.94,98.518,
2008-09,Shaun Pruitt,C_PF,203.835,273.05,109.9588,82.55
2008-09,Shan Foster,SG,193.04,262.89,88.303,83.82
2008-09,Sean Singletary,PG,180.34,241.3,83.4452,
2008-09,Sasha Kaun,C_PF,205.74,279.4,112.138,81.28
2008-09,Russell Westbrook,PG,188.595,254,87.168,92.71
2008-09,Russell Robinson,PG,184.15,255.27,88.984,80.01
2008-09,Ronald Steele,PG,183.515,247.65,83.309,74.93
2008-09,Robert Vaden,SG,191.77,256.54,90.346,74.93
2008-09,Richard Roby,SF_SG,193.675,264.16,92.162,
2008-09,Richard Hendrix,PF,200.025,274.32,113.5,71.12
2008-09,Reggie Williams,SG,191.135,261.62,90.346,92.71
2008-09,Ramel Bradley,SG_PG,186.055,248.92,83.536,74.93
2008-09,Quan Prowell,PF_SF,200.025,262.89,102.377,91.44
2008-09,Patrick Ewing Jr.,PF_SF,198.12,247.65,101.696,106.68
2008-09,Pat Calathes,PF_SF,205.105,269.24,92.616,
2008-09,Othello Hunter,PF_SF,199.39,278.13,99.88,87.63
2008-09,O.J. Mayo,SG_PG,191.135,252.73,90.8,104.14
2008-09,Mike Taylor,SG_PG,184.785,248.92,75.4548,99.06
2008-09,Michael Beasley,PF_SF,200.66,271.78,108.506,88.9
2008-09,Mark Tyndale,SF_SG,189.865,262.89,98.518,85.09
2008-09,Marcus Dove,PF_SF,200.025,266.7,94.432,85.09
2008-09,Marcelus Kemp,SG,190.5,262.89,100.334,76.2
2008-09,Malik Hairston,SG,193.675,262.89,92.616,96.52
2008-09,Maarty Leunen,SF,201.295,260.35,100.788,87.63
2008-09,Luc Mbah a Moute,SF,197.485,262.89,100.334,97.79
2008-09,Longar Longar,C,205.74,278.13,96.475,
2008-09,Lester Hudson,PG,182.245,250.19,88.984,91.44
2008-09,Kyle Hines,PF_SF,192.405,265.43,106.236,83.82
2008-09,Kevin Love,PF,202.565,269.24,115.77,88.9
2008-09,Kentrell Gransberry,C,200.025,269.24,131.66,69.85
2008-09,Keith Brumbaugh,PF_SF,201.93,265.43,86.26,68.58
2008-09,Josh Duncan,PF,203.2,265.43,104.42,81.28
2008-09,Joseph Jones,PF,200.66,271.78,108.96,78.74
2008-09,John Riek,C,209.55,,107.598,
2008-09,Joey Dorsey,C_PF,198.755,271.78,120.31,83.82
2008-09,Joe Crawford,SG,190.5,252.73,96.702,91.44
2008-09,Joe Alexander,PF_SF,201.295,269.24,99.88,97.79
2008-09,Jiri Hubalek,C_PF,207.01,276.86,102.604,66.04
2008-09,Jerryd Bayless,SG_PG,187.325,246.38,92.616,96.52
2008-09,Jeremy Pargo,PG,184.15,243.84,94.432,93.98
2008-09,James Mays,PF,200.025,266.7,103.058,88.9
2008-09,James Gist,PF,200.66,273.05,99.88,88.9
2008-09,Jamar Butler,PG,183.515,246.38,82.628,
2008-09,JaVale McGee,C_PF,210.82,290.83,109.414,82.55
2008-09,J.R. Giddens,SG,193.04,261.62,94.432,
2008-09,George Hill,PG,186.055,247.65,82.174,95.25
2008-09,Gary Forbes,SG,194.31,265.43,100.107,85.09
2008-09,Frank Elegar,PF,201.295,269.24,95.34,95.25
2008-09,Eric Gordon,SG,187.96,251.46,100.788,101.6
2008-09,Drew Neitzel,PG,182.245,241.3,79.677,81.28
2008-09,Donte Greene,PF_SF,203.835,274.32,100.334,80.01
2008-09,Derrick Rose,PG,186.69,250.19,88.984,101.6
2008-09,Deron Washington,SF,196.215,260.35,90.119,101.6
2008-09,DeVon Hardin,C_PF,207.01,278.13,106.69,81.28
2008-09,DeMarcus Nelson,SG_PG,185.42,250.19,89.892,97.79
2008-09,DeAndre Jordan,C,207.645,288.29,113.5,77.47
2008-09,Davon Jefferson,SF,196.215,266.7,96.702,81.28
2008-09,David Padgett,C_PF,208.915,278.13,108.733,71.12
2008-09,Darrell Arthur,PF,201.93,271.78,98.064,76.2
2008-09,Darnell Jackson,PF,200.66,270.51,109.187,78.74
2008-09,D.J. Augustin,PG,177.8,240.03,77.861,88.9
2008-09,Chris Daniels,C_PF,203.835,276.86,116.224,72.39
2008-09,Charles Rhodes,PF,201.295,273.05,110.776,85.09
2008-09,Bryce Taylor,SG,189.865,252.73,95.34,104.14
2008-09,Brook Lopez,C,211.455,287.02,117.132,77.47
2008-09,Brian Roberts,PG,183.515,241.3,78.542,92.71
2008-09,Brian Butch,C_PF,207.01,274.32,104.2384,67.31
2008-09,Anthony Randolph,PF_SF,205.74,276.86,89.438,88.9
2008-09,Aleks Maric,C,207.645,278.13,123.942,71.12
2007-08,Aaron Brooks,PG,177.8,238.76,73.094,100.33
2007-08,Aaron Gray,C,213.36,275.59,123.034,82.55
2007-08,Acie Law,PG,187.96,248.92,84.444,86.36
2007-08,Al Horford,PF,203.2,271.78,111.684,90.17
2007-08,Al Thornton,SF,197.485,264.16,100.334,104.14
2007-08,Ali Traore,C_PF,205.105,275.59,113.046,73.66
2007-08,Antanas Kavaliauskas,PF,205.74,270.51,107.598,76.2
2007-08,Anthony Tolliver,PF,200.66,273.05,109.868,76.2
2007-08,Avis Wyatt,PF,205.105,271.78,96.248,81.28
2007-08,Blake Schilb,SG,195.58,260.35,97.156,85.09
2007-08,Bobby Brown,PG,180.34,242.57,77.18,104.14
2007-08,Brad Newley,SG,195.58,260.35,91.254,80.01
2007-08,Brandan Wright,PF,205.105,275.59,90.8,90.17
2007-08,Brandon Heath,PG,187.96,238.76,82.174,91.44
2007-08,Caleb Green,PF,198.12,261.62,108.052,91.44
2007-08,Carl Landry,PF,200.66,260.35,112.592,92.71
2007-08,Cartier Martin,SF,193.04,262.89,98.972,74.93
2007-08,Chris Richard,PF,200.66,280.67,114.408,77.47
2007-08,Coby Karl,SG_PG,190.5,252.73,92.616,87.63
2007-08,Coleman Collins,PF,203.2,271.78,107.144,88.9
2007-08,Corey Brewer,SF_SG,198.12,261.62,83.99,92.71
2007-08,Craig Bradshaw,PF,203.2,270.51,108.96,71.12
2007-08,Curtis Sumpter,SF,198.12,264.16,103.058,82.55
2007-08,DJ Strawberry,SG,192.405,256.54,90.346,88.9
2007-08,DaShaun Wood,PG,179.705,233.68,75.818,87.63
2007-08,Daequan Cook,SG,190.5,257.81,92.162,87.63
2007-08,Darryl Watkins,C,205.105,279.4,109.414,78.74
2007-08,Demetris Nichols,SF,198.12,266.7,95.794,82.55
2007-08,Dominic James,PG,177.8,236.22,79.45,97.79
2007-08,Dominic McGuire,SF,200.66,264.16,99.88,87.63
2007-08,Dustin Salisbery,SG,190.5,255.27,94.432,96.52
2007-08,Ekene Ibekwe,PF,203.2,264.16,94.432,99.06
2007-08,Greg Oden,C,210.82,284.48,116.678,86.36
2007-08,Herbert Hill,C,200.66,275.59,105.328,86.36
2007-08,Ivan Radenovic,PF,205.74,269.24,102.604,71.12
2007-08,JR Reynolds,PG,182.88,241.3,85.352,87.63
2007-08,Jamaal Tatum,PG,181.61,237.49,76.272,83.82
2007-08,James Hughes,C,205.74,281.94,94.886,83.82
2007-08,Jared Dudley,SF,195.58,259.08,99.426,81.28
2007-08,Jared Jordan,PG,182.88,238.76,83.082,72.39
2007-08,Jason Smith,PF,210.185,269.24,105.782,95.25
2007-08,Javaris Crittenton,PG,190.5,248.92,88.076,96.52
2007-08,Jeff Green,SF,200.66,261.62,103.512,96.52
2007-08,Jeremy Hunt,SG,187.96,257.81,89.892,83.82
2007-08,Jermareo Davidson,PF,205.74,278.13,104.42,76.2
2007-08,Joakim Noah,PF,208.28,270.51,101.242,95.25
2007-08,Josh McRoberts,PF,203.2,270.51,108.96,80.01
2007-08,Julian Wright,PF_SF,199.39,274.32,95.794,85.09
2007-08,Justin Doellman,PF,203.2,266.7,93.07,
2007-08,Kevin Durant,PF_SF,205.74,279.4,97.61,85.09
2007-08,Kyle Visser,C,208.28,274.32,109.868,73.66
2007-08,Major Wingate,C,204.47,276.86,109.868,77.47
2007-08,Mario Boggan,PF,195.58,271.78,108.96,67.31
2007-08,Marko Lekic,C,205.74,275.59,121.218,77.47
2007-08,Mike Conley,PG,180.34,240.03,79.45,102.87
2007-08,Mohamed Abukar,SF,203.2,261.62,95.34,88.9
2007-08,Mustafa Shakur,PG,190.5,251.46,83.99,88.9
2007-08,Nick Young,SF_SG,195.58,255.27,93.524,102.87
2007-08,Quinton Hosley,SF_SG,195.58,266.7,97.61,86.36
2007-08,Ramon Sessions,PG,187.96,247.65,83.99,85.09
2007-08,Rashad Jones-Jennings,PF,198.12,267.97,106.69,76.2
2007-08,Rashaun Freeman,PF,198.12,264.16,110.776,81.28
2007-08,Renaldas Seibutis,SG,193.04,256.54,83.99,82.55
2007-08,Reyshawn Terry,SF,200.025,262.89,100.788,95.25
2007-08,Rodney Stuckey,SG_PG,192.405,255.27,93.978,88.9
2007-08,Ron Lewis,SG,187.96,251.46,88.076,96.52
2007-08,Russell Carter,SG,190.5,247.65,100.334,97.79
2007-08,Ryvon Covile,C_PF,200.66,273.05,113.5,77.47
2007-08,Sammy Mejia,SG,195.58,266.7,98.972,80.01
2007-08,Spencer Hawes,PF,208.28,279.4,110.776,73.66
2007-08,Stephane Lasme,PF,195.58,271.78,96.702,91.44
2007-08,Taurean Green,PG,180.34,243.84,78.542,82.55
2007-08,Thaddeus Young,SF,197.485,269.24,95.34,93.98
2007-08,Trey Johnson,SG,190.5,248.92,98.064,88.9
2007-08,Yue Sun,SF,202.565,266.7,96.248,86.36
2007-08,Zabian Dowdell,PG,185.42,254,86.714,85.09
2006-07,Yemi Nicholson,C_PF,202.565,271.78,117.132,66.04
2006-07,Will Blalock,PG,180.975,245.11,88.076,101.6
2006-07,Viktor Keyru,SG_PG,196.215,264.16,91.708,87.63
2006-07,Tyrus Thomas,PF_SF,201.295,274.32,98.518,100.33
2006-07,Torin Francis,C_PF,205.74,267.97,112.138,81.28
2006-07,Terence Dials,C_PF,202.565,269.24,114.862,76.2
2006-07,Tedric Hill,PF_SF,202.565,271.78,107.144,92.71
2006-07,Tarence Kinsey,SF_SG,194.945,255.27,81.266,90.17
2006-07,Taquan Dean,SG_PG,187.96,248.92,83.082,87.63
2006-07,Taj Gray,PF_SF,201.295,271.78,104.874,83.82
2006-07,Steven Smith,PF_SF,201.93,264.16,108.052,87.63
2006-07,Steve Novak,SF,203.2,261.62,98.064,78.74
2006-07,Solomon Jones,C_PF,204.47,276.86,101.696,99.06
2006-07,Shelden Williams,C_PF,201.93,264.16,117.132,85.09
2006-07,Shawne Williams,PF_SF,201.295,264.16,103.058,78.74
2006-07,Sean Dockery,SG_PG,184.785,242.57,82.628,83.82
2006-07,Rudy Gay,PF_SF,200.66,273.05,100.788,102.87
2006-07,Ronnie Brewer,SG_PG,197.485,262.89,101.242,104.14
2006-07,Rodney Carney,SF_SG,194.31,262.89,92.616,97.79
2006-07,Renaldo Balkman,PF_SF,196.215,265.43,93.524,88.9
2006-07,Rashad Anderson,SG,191.135,254,101.696,82.55
2006-07,Randy Foye,SG_PG,188.595,246.38,96.248,96.52
2006-07,Pops Mensah-Bonsu,C_PF,201.93,267.97,105.328,91.44
2006-07,Paul Millsap,PF,198.755,267.97,117.132,82.55
2006-07,Paul Miller,C_PF,204.47,257.81,113.954,90.17
2006-07,Patrick O'Bryant,C,210.82,287.02,113.046,76.2
2006-07,Nik Caner-Medley,SF,199.39,261.62,106.236,90.17
2006-07,Nick George,SF_SG,193.04,261.62,91.254,96.52
2006-07,Mouhamed Sene,C,210.82,287.02,107.598,78.74
2006-07,Morris Almond,SF_SG,194.945,260.35,97.156,90.17
2006-07,Michael Southhall,C,207.01,273.05,109.414,93.98
2006-07,Maurice Ager,SG_PG,191.135,257.81,92.162,88.9
2006-07,Matt Haryasz,C_PF,207.645,273.05,99.426,80.01
2006-07,Mardy Collins,SG_PG,193.675,261.62,101.696,95.25
2006-07,Marcus Williams,PG,187.96,247.65,97.61,71.12
2006-07,Marcus Slaughter,PF_SF,200.66,265.43,99.88,86.36
2006-07,Marco Killingsworth,PF,196.85,264.16,120.764,81.28
2006-07,Lou Amundson,PF,201.168,262.89,100.334,90.17
2006-07,LaMarcus Aldridge,C_PF,208.28,279.4,106.236,86.36
2006-07,Keydren Clark,PG,175.26,234.95,83.536,86.36
2006-07,Kenny Adeleke,C_PF,199.39,264.16,113.5,77.47
2006-07,Justin Williams,C_PF,201.295,276.86,95.794,80.01
2006-07,Jordan Farmar,PG,184.785,240.03,77.634,106.68
2006-07,Joah Tucker,SF_SG,192.405,252.73,101.696,86.36
2006-07,James Augustine,PF,203.835,264.16,103.058,82.55
2006-07,JJ Redick,SG,193.04,247.65,86.26,83.82
2006-07,J.P. Batista,PF,201.93,262.89,120.31,77.47
2006-07,Ian Vouyoukas,C_PF,204.47,275.59,121.218,71.12
2006-07,Hilton Armstrong,C_PF,207.01,276.86,108.96,80.01
2006-07,Gerry McNamara,SG_PG,182.245,234.95,80.358,81.28
2006-07,Frans Steyn,C,216.535,276.86,127.12,74.93
2006-07,Eric Williams,C_PF,201.295,270.51,129.39,73.66
2006-07,Eric Hicks,PF,194.945,267.97,108.052,86.36
2006-07,Dwayne Mitchell,SF_SG,187.96,250.19,94.432,105.41
2006-07,Denham Brown,SF_SG,193.04,260.35,98.972,87.63
2006-07,David Noel,SF_SG,194.31,254,101.242,97.79
2006-07,Darius Washington,PG,181.61,243.84,88.53,95.25
2006-07,Danilo Pinnock,SG_PG,189.865,255.27,92.616,90.17
2006-07,Daniel Horton,SG_PG,184.15,245.11,89.892,92.71
2006-07,Dan Grunfeld,SF_SG,194.945,251.46,98.064,85.09
2006-07,Curtis Withers,PF_SF,198.12,256.54,103.058,92.71
2006-07,Curtis Stinson,SG,187.325,247.65,94.432,80.01
2006-07,Craig Smith,PF,196.85,262.89,117.586,74.93
2006-07,Chris Quinn,SG_PG,184.15,238.76,79.45,93.98
2006-07,Chris McCray,SG,190.5,245.11,84.898,99.06
2006-07,Cedric Simmons,C_PF,203.835,275.59,101.242,88.9
2006-07,Carl Krauser,PG,182.245,246.38,86.26,78.74
2006-07,CJ Watson,PG,184.15,243.84,77.634,86.36
2006-07,Brandon Roy,SF_SG,196.215,256.54,93.978,102.87
2006-07,Brandon Bowman,SF,200.025,261.62,94.886,86.36
2006-07,Brad Buckman,PF,201.295,273.05,108.052,77.47
2006-07,Bobby Jones,SF_SG,197.485,257.81,95.794,87.63
2006-07,Blake Schilb,SG_PG,196.215,259.08,94.886,87.63
2006-07,Antywane Robinson,PF_SF,198.755,267.97,98.518,82.55
2006-07,Allan Ray,SG,185.42,252.73,92.616,90.17
2006-07,Adam Morrison,SF,199.39,266.7,89.892,77.47
2005-06,Aaron Miles,PG,182.88,238.76,79.2684,95.25
2005-06,Alan Anderson,SF_SG,194.31,264.16,101.3328,77.47
2005-06,Alex Acker,SG,192.405,260.35,83.082,81.28
2005-06,Andrew Bogut,C_PF,210.82,280.67,113.7724,85.09
2005-06,Anthony Roberson,PG,184.785,241.3,81.1752,93.98
2005-06,Antoine Wright,SF_SG,196.215,265.43,91.9804,74.93
2005-06,Bracey Wright,SG_PG,186.055,255.27,84.8072,91.44
2005-06,Brandon Rush,SF_SG,195.58,265.43,95.9756,88.9
2005-06,Carl Krauser,SG_PG,181.61,250.19,87.8036,78.74
2005-06,Carlos Powell,PF_SF,196.215,266.7,100.6972,87.63
2005-06,Channing Frye,C_PF,207.01,280.67,110.5944,78.74
2005-06,Charles Hayes,PF_SF,196.85,265.43,105.5096,83.82
2005-06,Charlie Villanueva,PF_SF,205.74,276.86,107.4164,78.74
2005-06,Chris Paul,PG,182.245,236.22,80.812,96.52
2005-06,Chris Taft,PF,204.47,276.86,118.494,83.82
2005-06,Chris Thomas,PG,182.245,241.3,79.9948,86.36
2005-06,D'Or Fischer,C_PF,206.375,280.67,110.0496,77.47
2005-06,Daryl Dorsey,PG,180.975,238.76,73.0032,77.47
2005-06,David Lee,PF,202.565,270.51,104.193,82.55
2005-06,David Lucas,PF,199.39,262.89,105.9636,
2005-06,David Simon,C_PF,203.2,274.32,117.4952,83.82
2005-06,Dee Brown,SG_PG,180.34,238.76,81.266,
2005-06,Deji Akindele,C_PF,207.01,275.59,107.3256,82.55
2005-06,Deng Gai,C_PF,202.565,280.67,97.156,90.17
2005-06,Deron Williams,PG,187.325,248.92,91.8896,88.9
2005-06,Dijon Thompson,SF_SG,198.755,267.97,88.8932,
2005-06,Drago Pasalic,PF_SF,207.01,275.59,108.4152,77.47
2005-06,Dwayne Jones,C_PF,204.47,275.59,109.9588,80.01
2005-06,Eddie Basden,SF_SG,193.675,256.54,95.34,92.71
2005-06,Eddy Fobbs,C_PF,208.915,283.21,106.7808,86.36
2005-06,Ellis Myles,PF,198.12,267.97,115.8608,72.39
2005-06,Ersan Ilyasova,SF,202.565,278.13,94.7952,76.2
2005-06,Francisco Garcia,SF_SG,197.485,261.62,86.0784,80.01
2005-06,Gerald Green,SF,198.12,264.16,87.168,99.06
2005-06,Hakim Warrick,PF_SF,201.295,274.32,97.61,96.52
2005-06,Ike Diogu,PF,199.39,276.86,115.9516,78.74
2005-06,Ivan McFarlin,PF,196.85,267.97,103.7844,81.28
2005-06,Jared Homan,C_PF,202.565,265.43,112.6828,
2005-06,Jarrett Jack,PG,189.23,254,89.7104,72.39
2005-06,Jason Klotz,C_PF,204.47,273.05,113.2276,68.58
2005-06,Jason Maxiell,PF,195.58,271.78,116.9504,
2005-06,Jawad Williams,SF,200.66,270.51,98.972,86.36
2005-06,Joey Graham,SF,196.215,264.16,98.3364,91.44
2005-06,John Gilchrist,PG,186.055,245.11,88.6208,92.71
2005-06,John Lucas III,PG,175.895,233.68,70.0976,86.36
2005-06,Juan Mendez,PF_SF,196.215,270.51,105.0556,83.82
2005-06,Julius Hodge,SF_SG,198.12,273.05,91.7988,73.66
2005-06,Keith Langford,SF_SG,188.595,256.54,92.2528,74.93
2005-06,Kevin Pittsnogle,PF,206.375,269.24,117.6768,
2005-06,Larry O'Bannon,SG,190.5,252.73,88.984,92.71
2005-06,Luke Schenscher,C,212.725,283.21,109.6864,67.31
2005-06,Luther Head,SG_PG,187.96,250.19,81.1752,97.79
2005-06,Marcin Gortat,C_PF,210.82,279.4,102.2408,91.44
2005-06,Marcus Campbell,C,208.915,289.56,127.3016,
2005-06,Martell Webster,SF,198.12,269.24,104.2384,77.47
2005-06,Martynas Andriuskevicius,C_PF,216.535,285.75,103.4212,69.85
2005-06,Marvin Williams,PF_SF,200.66,274.32,103.6028,88.9
2005-06,Mike Bell,PF_SF,205.105,265.43,93.6148,100.33
2005-06,Mindaugas Katelynas,PF_SF,201.93,267.97,98.518,88.9
2005-06,Monta Ellis,SG_PG,188.595,248.92,80.1764,80.01
2005-06,Mustafa Al-Sayyad,C_PF,,,,77.47
2005-06,Nemanja Aleksandrov,PF_SF,208.28,279.4,100.1524,
2005-06,Omar Thomas,SF_SG,191.135,259.08,90.8,74.93
2005-06,Rashad McCants,SG,189.865,262.89,91.254,87.63
2005-06,Rawle Marshall,SF_SG,194.31,264.16,84.7164,93.98
2005-06,Raymond Felton,PG,181.61,248.92,90.5276,85.09
2005-06,Robert Whaley,C_PF,203.2,274.32,122.3076,85.09
2005-06,Roger Powell,SF,194.945,264.16,99.2444,
2005-06,Ronnie Price,PG,184.785,245.11,83.8992,99.06
2005-06,Ronny Turiaf,PF,203.2,270.51,107.9612,83.82
2005-06,Rudy Fernandez,SG,194.945,257.81,78.088,90.17
2005-06,Sean Banks,SF,197.485,274.32,93.7056,80.01
2005-06,Sean May,PF,200.66,266.7,117.4952,83.82
2005-06,Sharrod Ford,PF,201.295,269.24,96.6112,93.98
2005-06,Taylor Coppenrath,PF_SF,202.565,270.51,114.5896,68.58
2005-06,Travis Diener,SG_PG,182.245,237.49,75.0008,78.74
2005-06,Tre Simmons,SF_SG,193.04,260.35,88.1668,80.01
2005-06,Wayne Simien,PF,201.295,271.78,116.1332,69.85
2005-06,Will Bynum,SG_PG,179.07,236.22,85.7152,102.87
2005-06,Will Conroy,PG,185.42,245.11,85.6244,92.71
2004-05,Trevor Ariza,SF_SG,200.66,273.05,91.254,81.28
2004-05,Tony Bobbitt,SG,189.865,254,83.99,
2004-05,Tony Allen,SG,191.77,259.08,97.156,92.71
2004-05,Tom Timmerrmans,C_PF,209.55,273.05,123.488,67.31
2004-05,Tim Pickett,SG_PG,190.5,255.27,93.978,
2004-05,Tim Bowers,SG_PG,184.15,248.92,82.174,110.49
2004-05,Tiago Splitter,C_PF,208.915,278.13,105.782,80.01
2004-05,TJ Cummings,SF,201.93,270.51,97.61,78.74
2004-05,Shaun Livingston,SG_PG,198.755,267.97,84.444,76.2
2004-05,Sergei Lishouk,PF_SF,208.915,278.13,110.776,
2004-05,Ryan Gomes,PF_SF,199.39,270.51,112.592,77.47
2004-05,Romain Sato,SG,187.96,260.35,92.616,90.17
2004-05,Rolando Howell,PF,201.93,271.78,103.966,87.63
2004-05,Ricky Minard,SG_PG,191.135,257.81,89.892,83.82
2004-05,Rickey Paulding,SG,189.865,257.81,95.34,91.44
2004-05,Rich Melzer,PF_SF,201.93,271.78,103.966,72.39
2004-05,Rashad Wright,PG,184.15,250.19,86.26,82.55
2004-05,Randall Orr,PF_SF,205.74,273.05,87.622,83.82
2004-05,Peter Ramos,C,217.805,283.21,120.764,67.31
2004-05,Pape Sow,C_PF,204.47,275.59,105.782,80.01
2004-05,Omar Quintero,PG,177.165,234.95,77.18,73.66
2004-05,Nate Williams,PF_SF,204.47,278.13,108.96,66.04
2004-05,Nate Robinson,PG,172.085,232.41,82.174,110.49
2004-05,Misan Nikagbatse,SG_PG,191.77,259.08,101.242,82.55
2004-05,Mike Williams,SF,196.85,267.97,89.438,69.85
2004-05,Michel Morandais,SF_SG,192.405,259.08,93.07,85.09
2004-05,Matt Freije,PF_SF,203.835,275.59,106.236,78.74
2004-05,Martin Iti,C_PF,204.47,283.21,105.782,82.55
2004-05,Marko Tomas,SG_PG,199.39,262.89,89.892,80.01
2004-05,Marcus Moore,SG_PG,193.04,257.81,91.708,76.2
2004-05,Marcus Melvin,PF_SF,200.025,267.97,109.414,77.47
2004-05,Marcus Douthit,C_PF,207.01,283.21,101.242,80.01
2004-05,Luol Deng,SF,200.66,275.59,99.88,80.01
2004-05,Luke Jackson,SF_SG,198.12,261.62,96.248,91.44
2004-05,Luis Flores,SG_PG,184.15,250.19,91.708,81.28
2004-05,Lawrence Roberts,PF,201.93,270.51,105.782,83.82
2004-05,Kris Humphries,PF,203.835,270.51,108.052,91.44
2004-05,Kirk Snyder,SF_SG,198.12,264.16,103.512,88.9
2004-05,Kelvin Pena,SG_PG,188.595,252.73,82.628,82.55
2004-05,Josh Smith,SF_SG,200.66,270.51,100.334,100.33
2004-05,Josh Childress,SF_SG,197.485,266.7,88.984,91.44
2004-05,John Edwards,C,211.455,287.02,119.856,
2004-05,Jared Reiner,C_PF,208.28,276.86,111.684,66.04
2004-05,James Moore,PF_SF,199.39,271.78,89.892,82.55
2004-05,Jameer Nelson,PG,180.34,241.3,90.346,85.09
2004-05,Jaime Lloreda,PF,200.025,271.78,112.138,74.93
2004-05,Jackson Vroman,C_PF,206.375,267.97,102.604,85.09
2004-05,Jackie Butler,C,203.2,276.86,119.402,63.5
2004-05,J.R. Smith,SF_SG,196.85,264.16,103.058,90.17
2004-05,Ivan Koljevic,PG,185.42,241.3,78.088,72.39
2004-05,Herve Lamizana,PF_SF,201.93,271.78,95.34,
2004-05,Erik Daniels,PF_SF,198.755,269.24,101.242,81.28
2004-05,Emeka Okafor,C_PF,205.105,280.67,116.678,86.36
2004-05,Dylan Page,SF,201.93,266.7,108.506,76.2
2004-05,Dwight Howard,C_PF,205.74,283.21,108.96,90.17
2004-05,Drago Pasalic,PF,206.375,274.32,104.874,76.2
2004-05,Devin Harris,PG,187.325,250.19,77.18,93.98
2004-05,Desmon Farmer,SG,194.31,261.62,97.156,78.74
2004-05,Delonte West,SG_PG,186.69,252.73,83.082,88.9
2004-05,Damien Wilkins,SF_SG,194.31,269.24,100.788,78.74
2004-05,Chris Garnett,C_PF,203.835,274.32,118.04,80.01
2004-05,Chris Duhon,PG,182.88,248.92,87.622,88.9
2004-05,Bryant Matthews,SF_SG,197.485,267.97,93.524,87.63
2004-05,Brian Boddicker,PF_SF,201.93,267.97,104.42,76.2
2004-05,Brandon Bass,PF,198.755,270.51,111.684,83.82
2004-05,Blake Stepp,PG,,,,
2004-05,Blagota Sekulic,PF_SF,206.375,271.78,106.236,80.01
2004-05,Bernard Robinson,SF_SG,196.215,259.08,94.432,87.63
2004-05,Beno Udrih,PG,189.23,248.92,90.346,
2004-05,Ben Gordon,SG_PG,185.42,251.46,87.168,95.25
2004-05,Arthur Johnson,C_PF,200.66,276.86,118.948,72.39
2004-05,Antonio Burks,PG,182.88,245.11,86.714,
2004-05,Andris Biedrins,C,,,,
2004-05,Andre Iguodala,SF_SG,197.485,267.97,98.518,87.63
2004-05,Andre Emmett,SF_SG,191.77,254,98.064,
2004-05,Andre Brown,C_PF,203.2,271.78,107.144,90.17
2004-05,Andre Barrett,PG,174.625,233.68,77.634,87.63
2004-05,Ales Chan,C,213.36,287.02,115.77,73.66
2004-05,Aleksandar Capin,PG,182.88,238.76,79.904,73.66
2004-05,Al Jefferson,PF_SF,204.47,279.4,119.402,76.2
2004-05,Aerick Sanders,PF,199.39,269.24,93.07,77.47
2003-04,Aleksander Djuric,C_PF,208.28,274.32,114.862,69.85
2003-04,Aloysius Anagonye,PF,200.025,269.24,116.678,87.63
2003-04,Bernard King,SG_PG,192.405,250.19,90.8,85.09
2003-04,Brandin Knight,PG,182.245,242.57,86.26,
2003-04,Brandon Hunter,PF,199.39,267.97,120.764,88.9
2003-04,Brian Cook,PF_SF,207.01,276.86,106.236,73.66
2003-04,Britton Johnsen,PF_SF,208.28,273.05,96.248,82.55
2003-04,Carl English,SG_PG,193.04,250.19,91.254,86.36
2003-04,Carmelo Anthony,SF,198.755,267.97,105.782,85.09
2003-04,Chris Bosh,PF,208.915,276.86,102.15,83.82
2003-04,Chris Kaman,C_PF,212.09,280.67,114.408,77.47
2003-04,Chris Marcus,C,213.36,289.56,151.636,
2003-04,Chris Massie,C_PF,199.39,270.51,117.586,83.82
2003-04,Dahntay Jones,SF_SG,194.945,260.35,97.156,100.33
2003-04,Darko Milicic,PF,212.09,283.21,113.5,82.55
2003-04,David West,PF_SF,203.835,274.955,102.604,80.01
2003-04,Derrick Zimmerman,PG,185.42,244.475,86.26,102.87
2003-04,Donald Little,C_PF,207.01,246.38,103.966,93.98
2003-04,Doug Wrenn,PF_SF,197.485,255.27,99.88,104.14
2003-04,Dwyane Wade,SF_SG,192.405,259.08,96.248,88.9
2003-04,Ebi Ere,SG,191.77,259.08,95.34,85.09
2003-04,Hollis Price,SG_PG,181.61,240.03,74.91,83.82
2003-04,James Jones,SF,201.295,273.05,98.972,83.82
2003-04,James Lang,C_PF,203.835,279.4,143.464,81.28
2003-04,Jason Gardner,PG,177.165,233.68,88.076,88.9
2003-04,Jason Kapono,SF_SG,199.39,259.08,97.61,76.2
2003-04,Jason Keep,C_PF,207.645,270.51,122.58,86.36
2003-04,Jeff Newton,PF,203.2,269.24,90.346,86.36
2003-04,Jermaine Boyette,SG_PG,185.42,243.84,84.898,90.17
2003-04,Jerome Beasley,PF_SF,205.74,271.78,107.598,81.28
2003-04,Jerry Holman,PF,205.105,278.13,105.328,95.25
2003-04,Joe Shipp,SG,193.04,261.62,101.696,87.63
2003-04,Joel Cornette,PF_SF,203.835,267.97,108.506,82.55
2003-04,Josh Howard,SF_SG,196.215,267.97,91.708,92.71
2003-04,Josh Powell,PF_SF,203.2,273.05,103.058,97.79
2003-04,Justin Hamilton,SG_PG,190.5,261.62,98.518,95.25
2003-04,Keith Bogans,SG,193.675,256.54,96.702,88.9
2003-04,Kirk Hinrich,SG_PG,189.865,250.19,84.444,85.09
2003-04,Kirk Penney,SF_SG,195.58,246.38,98.972,90.17
2003-04,Kyle Korver,SF,198.755,260.35,95.794,80.01
2003-04,LaVell Blanchard,SF,198.12,257.81,93.07,92.71
2003-04,LeBron James,SF_SG,201.295,269.875,111.23,
2003-04,Luke Ridnour,PG,185.42,242.57,75.818,82.55
2003-04,Luke Walton,PF_SF,202.565,264.16,106.69,
2003-04,Marcus Hatten,PG,184.785,248.92,74.002,95.25
2003-04,Marlon Parmer,PG,184.785,246.38,83.536,81.28
2003-04,Marquis Daniels,SG_PG,196.215,262.89,89.892,88.9
2003-04,Marquis Estill,C_PF,204.47,274.32,116.678,91.44
2003-04,Marvin Stone,C_PF,207.01,278.13,118.494,69.85
2003-04,Matt Bonner,PF_SF,204.47,267.97,109.868,81.28
2003-04,Matt Carroll,SF_SG,195.58,250.19,93.978,85.09
2003-04,Michael Ignerski,PF_SF,207.01,271.78,105.328,83.82
2003-04,Michael Sweetney,PF,201.295,273.05,118.948,80.01
2003-04,Mo Williams,SG_PG,184.785,250.19,85.806,
2003-04,Nick Collison,PF,205.105,274.32,115.77,83.82
2003-04,Pavel Podkolzin,C,222.25,294.64,137.562,57.15
2003-04,Rick Anderson,PF_SF,203.835,270.51,98.064,77.47
2003-04,Robert Jackson,C_PF,202.565,273.05,115.316,66.04
2003-04,Ron Slay,PF_SF,198.12,262.89,107.144,80.01
2003-04,Ronald Dupree,SF_SG,198.12,256.54,94.886,105.41
2003-04,Ruben Douglas,SG,191.77,255.27,87.622,88.9
2003-04,Sam Hoskin,PF,201.295,273.05,118.494,
2003-04,Sani Ibrahim,C_PF,204.47,278.13,103.966,77.47
2003-04,Sasha Vujacic,SG_PG,196.85,256.54,87.622,
2003-04,Souleymane Camara,PF_SF,207.645,276.86,95.794,87.63
2003-04,Stephane Pelle,PF_SF,200.66,271.78,111.684,83.82
2003-04,T.J. Ford,PG,180.34,237.49,73.548,100.33
2003-04,Theron Smith,PF_SF,199.39,265.43,106.236,81.28
2003-04,Tommy Smith,PF_SF,205.74,273.05,90.8,83.82
2003-04,Travis Hansen,SG,194.31,255.27,90.8,88.9
2003-04,Trevor Harvey,C_PF,207.01,278.13,111.23,81.28
2003-04,Troy Bell,PG,183.515,247.65,80.812,104.14
2003-04,Uche Nsonwu-Amadi,C_PF,202.565,270.51,111.684,73.66
2003-04,Ugonna Okyekwe,SF,201.295,276.86,103.512,92.71
2003-04,Wayne Wallace,PF,201.295,274.32,84.898,91.44
2003-04,Wesley Wilson,C_PF,208.915,280.67,116.678,77.47
2003-04,Will McDonald,C_PF,207.01,278.13,117.132,82.55
2003-04,Willie Green,SG_PG,189.23,254,91.254,72.39
2002-03,Vincent Yarbrough,SF,196.85,265.43,91.708,86.36
2002-03,Udonis Haslem,PF,202.565,271.78,113.5,85.09
2002-03,Uche Okafor,C_PF,205.74,284.48,103.966,63.5
2002-03,Travis Robinson,SF,196.215,265.43,95.794,83.82
2002-03,Tito Maddox,PG,190.5,251.46,90.8,82.55
2002-03,Teddy Dupay,PG,176.53,229.87,80.812,83.82
2002-03,Tamar Slay,SF,200.025,264.16,92.162,96.52
2002-03,Sylvere Bryan,PF,205.74,278.13,102.604,74.93
2002-03,Steve Logan,PG,177.8,234.95,93.978,
2002-03,Smush Parker,SG_PG,189.23,273.05,81.266,72.39
2002-03,Sean Kennedy,PG,184.785,243.84,82.628,67.31
2002-03,Ryan Humphrey,PF_SF,198.12,265.43,101.242,95.25
2002-03,Ronald Murray,SG,190.5,255.27,89.438,92.71
2002-03,Rolan Roberts,PF,197.485,267.97,109.414,95.25
2002-03,Rod Grizzard,SF_SG,198.12,271.78,87.622,
2002-03,Robert Archibald,C_PF,208.28,278.13,113.5,69.85
2002-03,Reggie Evans,PF,201.93,273.05,113.5,74.93
2002-03,Rasual Butler,SF,200.025,267.97,89.892,95.25
2002-03,Randy Holcomb,PF_SF,200.66,266.7,102.15,90.17
2002-03,Qyntel Woods,SF_SG,200.66,266.7,96.702,87.63
2002-03,Preston Shumpert,SF,198.12,262.89,89.438,73.66
2002-03,Predrag Savovic,SG,194.945,259.08,96.248,72.39
2002-03,Peter Fehse,C_PF,208.28,276.86,99.88,
2002-03,Nene,PF,206.375,276.86,114.862,86.36
2002-03,Muhammed Lasege,C_PF,205.105,275.59,103.512,76.2
2002-03,Mire Chatman,SG_PG,182.88,248.92,78.996,83.82
2002-03,Mike Dunleavy,SF,203.2,269.24,104.42,73.66
2002-03,Melvin Ely,PF,205.74,281.94,108.96,73.66
2002-03,Maurice Baker,PG,182.245,243.84,80.812,83.82
2002-03,Matt Barnes,SF,200.025,245.11,102.604,102.87
2002-03,Mario Kasun,C,212.725,276.86,118.04,
2002-03,Marcus Taylor,PG,185.42,250.19,82.174,85.09
2002-03,Marcus Haislip,PF,204.47,271.78,100.334,92.71
2002-03,Lynn Greer,PG,183.515,240.03,77.18,92.71
2002-03,Luke Recker,SF_SG,194.945,256.54,89.892,78.74
2002-03,Lubos Barton,SF_SG,199.39,271.78,100.334,80.01
2002-03,Lonny Baxter,C_PF,198.755,273.05,119.856,82.55
2002-03,Lonnie Jones,C_PF,208.915,284.48,104.42,80.01
2002-03,Lenny Cooke,SF_SG,196.85,271.78,97.156,
2002-03,Lee Benson,PF_SF,203.835,276.86,98.518,82.55
2002-03,Kris Lang,C_PF,206.375,276.86,109.868,73.66
2002-03,Kevin Lyde,C_PF,205.105,278.13,126.212,77.47
2002-03,Kei Madison,SF,202.565,271.78,98.064,87.63
2002-03,Kareem Rush,SF_SG,194.945,262.89,90.346,76.2
2002-03,Julian Sensley,PF_SF,200.66,267.97,103.512,80.01
2002-03,John Salmons,SF_SG,196.85,264.16,93.978,87.63
2002-03,Jobey Thomas,SG,189.865,252.73,83.082,81.28
2002-03,Jay Williams,PG,183.515,246.38,89.438,91.44
2002-03,Jason Jennings,C,211.455,281.94,113.046,81.28
2002-03,Jared Jeffries,PF,208.28,276.86,104.42,76.2
2002-03,Jannero Pargo,PG,183.515,243.84,76.272,74.93
2002-03,J.R. Bremer,SG_PG,186.055,243.84,85.352,90.17
2002-03,Israel Sheinfeld,C_PF,203.835,270.51,108.506,
2002-03,Immanuel McElroy,SG,188.595,254,86.714,
2002-03,Greg Harrington,PG,185.42,246.38,83.082,86.36
2002-03,George Williams,PF_SF,197.485,261.62,97.156,99.06
2002-03,Fred Jones,SG,188.595,254,98.972,95.25
2002-03,Frank Williams,PG,186.69,255.27,96.248,78.74
2002-03,Elvin Mims,SF_SG,193.675,267.97,95.794,96.52
2002-03,Drew Gooden,PF,205.105,270.51,103.058,83.82
2002-03,David Graves,SG,194.31,256.54,96.248,74.93
2002-03,Darius Songaila,PF,203.2,275.59,108.96,74.93
2002-03,Damon Hancock,SG_PG,189.865,252.73,92.162,88.9
2002-03,Dajuan Wagner,SG_PG,184.785,251.46,87.622,88.9
2002-03,Curtis Borchardt,C,210.185,284.48,108.052,68.58
2002-03,Craig Dawson,SF_SG,191.77,259.08,90.8,76.2
2002-03,Corsley Edwards,PF,201.295,270.51,129.39,83.82
2002-03,Cordell Henry,PG,172.72,233.68,70.37,95.25
2002-03,Chris Wilcox,C_PF,203.835,273.05,98.972,87.63
2002-03,Chris Owens,PF_SF,200.66,264.16,107.598,
2002-03,Chris Massie,PF,198.755,271.78,112.592,
2002-03,Chris Christoffersen,C,215.265,276.86,132.114,78.74
2002-03,Chris Burgess,C,208.28,276.86,111.684,78.74
2002-03,Caron Butler,SF_SG,196.215,262.89,100.788,78.74
2002-03,Carlos Boozer,PF,202.565,275.59,117.132,72.39
2002-03,Byron Mouton,SF_SG,194.31,259.08,96.702,76.2
2002-03,Brooks Sales,C_PF,205.74,274.32,105.328,74.93
2002-03,Brian Brown,SG_PG,189.23,251.46,88.076,83.82
2002-03,Anthony Grundy,SG_PG,184.785,251.46,75.818,81.28
2002-03,Andy Ellis,PF,206.375,259.08,99.88,90.17
2002-03,Amar'e Stoudemire,PF,204.47,275.59,105.782,90.17
2002-03,Aaron McGhee,PF_SF,200.66,267.97,115.77,72.39
2001-02,Adam Allenspach,C,212.09,271.78,117.586,78.74
2001-02,Alton Ford,PF,203.835,260.35,123.034,92.71
2001-02,Andre Hutson,PF,203.835,267.97,110.776,82.55
2001-02,Anthony Evans,PF,198.12,257.81,121.218,83.82
2001-02,Benjamin Eze,C_PF,205.105,276.86,105.328,81.28
2001-02,Bobby Simmons,SF,198.755,266.7,106.69,86.36
2001-02,Brandon Armstrong,SG,191.77,252.73,85.352,93.98
2001-02,Brendan Haywood,C,212.725,288.29,120.764,72.39
2001-02,Brent Wright,PF_SF,202.565,267.97,107.144,73.66
2001-02,Brian Scalabrine,PF_SF,205.105,267.97,109.414,77.47
2001-02,Calvin Bowman,PF,205.105,264.16,97.156,87.63
2001-02,Charles Hathaway,C,203.2,273.05,124.396,
2001-02,Charlie Bell,PG,189.23,247.65,90.8,96.52
2001-02,Cookie Belcher,SG_PG,190.5,251.46,93.524,105.41
2001-02,Damone Brown,SF,203.835,265.43,91.708,93.98
2001-02,Damone Thornton,PF,200.025,263.525,106.69,95.25
2001-02,Darrell Johns,C,211.455,283.21,126.212,76.2
2001-02,Darren Kelly,SG_PG,187.96,254,80.812,87.63
2001-02,DeMarcus Minor,SG,191.135,252.73,93.978,104.14
2001-02,DeSagana Diop,C,208.28,287.02,142.556,64.77
2001-02,Demetrius Porter,PG,179.705,238.76,80.812,78.74
2001-02,Earl Watson,PG,182.88,246.38,83.536,95.25
2001-02,Eddie Griffin,PF_SF,206.375,279.4,100.788,83.82
2001-02,Eddy Curry,C,209.55,281.94,136.654,78.74
2001-02,Eric Chenowith,C,215.9,281.94,119.856,69.85
2001-02,Gilbert Arenas,SG,188.595,252.73,90.346,91.44
2001-02,Greg Stevenson,SF,192.405,259.08,97.61,90.17
2001-02,Gyasi Cline-Heard,PF,198.755,261.62,104.874,87.63
2001-02,Horace Jenkins,PG,182.245,246.38,77.634,104.14
2001-02,Jamaal Tinsley,PG,184.785,247.65,90.346,95.25
2001-02,Jamario Moon,SF,199.39,261.62,83.99,109.22
2001-02,Jamison Brewer,PG,189.23,260.35,80.812,82.55
2001-02,Jarron Collins,C_PF,206.375,264.16,114.408,73.66
2001-02,Jason Collins,C_PF,208.915,279.4,113.954,72.39
2001-02,Jason Gardner,PG,177.165,234.95,85.352,101.6
2001-02,Jason Richardson,SF_SG,194.945,260.35,96.702,100.33
2001-02,Jerry Green,SG_PG,186.69,251.46,81.266,88.9
2001-02,Jeryl Sasser,SG_PG,196.85,262.89,88.076,86.36
2001-02,Joe Johnson,SF_SG,200.025,266.7,102.604,92.71
2001-02,Joseph Forte,SG,191.77,255.27,87.622,83.82
2001-02,Ken Johnson,C,210.185,278.13,103.058,88.9
2001-02,Kenny Gregory,SF,191.77,256.54,90.8,115.57
2001-02,Kenny Satterfield,PG,185.42,248.92,79.904,83.82
2001-02,Kimani Ffriend,C_PF,207.01,275.59,103.512,83.82
2001-02,Kirk Haston,PF_SF,203.2,269.24,109.868,80.01
2001-02,Kwame Brown,C_PF,208.28,274.32,110.322,83.82
2001-02,Lazaros Papadopoulos,C_PF,208.915,280.67,103.058,66.04
2001-02,Lee Scruggs,PF_SF,208.915,280.67,94.886,74.93
2001-02,Loren Woods,C_PF,215.265,287.02,111.684,71.12
2001-02,Martin Rancik,PF_SF,205.105,260.35,104.42,93.98
2001-02,Maurice Evans,SG,193.675,256.54,100.334,95.25
2001-02,Michael Bradley,PF,207.01,271.78,103.058,76.2
2001-02,Michael Hicks,SG,193.04,255.27,89.438,102.87
2001-02,Michael Wright,PF,200.66,270.51,112.138,85.09
2001-02,Mike Mardesich,C_PF,208.915,275.59,112.138,76.2
2001-02,Nate James,SF,194.945,261.62,88.984,78.74
2001-02,Norman Richardson,SG,191.77,251.46,81.72,90.17
2001-02,Omar Cook,PG,181.61,233.68,85.806,90.17
2001-02,Rashad Phillips,PG,175.26,233.68,75.364,81.28
2001-02,Richard Jefferson,SF,201.295,261.62,101.242,97.79
2001-02,Robb Dryden,C,215.9,280.035,109.414,76.2
2001-02,Rodney White,SF,201.93,265.43,110.322,83.82
2001-02,Ruben Boumtje-Boumtje,C,212.09,281.94,111.23,78.74
2001-02,Ryan Carroll,SF_SG,193.04,251.46,91.708,99.06
2001-02,Sam Clancy,PF,198.755,271.78,109.868,86.36
2001-02,Sean Lampley,SF,196.85,256.54,96.702,101.6
2001-02,Shane Battier,PF_SF,203.835,266.7,103.966,83.82
2001-02,SirValiant Brown,PG,180.34,234.95,79.904,100.33
2001-02,Souleymane Wane,C,204.47,276.86,106.69,77.47
2001-02,Steven Hunter,C_PF,208.915,274.32,101.696,97.79
2001-02,Tate Decker,SF,206.375,271.78,98.972,72.39
2001-02,Tory Walker,SF,200.025,265.43,84.898,83.82
2001-02,Trenton Hassell,SF_SG,193.675,252.73,93.07,95.25
2001-02,Troy Murphy,PF,207.645,267.97,104.42,87.63
2001-02,Troy Ostler,PF_SF,205.105,270.51,90.8,74.93
2001-02,Tyson Chandler,PF_SF,212.09,279.4,101.696,85.09
2001-02,Will Solomon,SG_PG,182.245,252.73,78.088,88.9
2001-02,Zach Marbury,SG_PG,186.055,245.11,83.082,92.71
2000-01,A.J. Granger,SF,201.93,261.62,103.058,86.36
2000-01,A.J. Guyton,SG_PG,184.785,247.65,79.45,95.25
2000-01,Alex Scales,SG_PG,188.595,247.65,83.763,107.95
2000-01,Antonis Fotsis,SF,206.375,269.24,99.426,76.2
2000-01,Aubrey Reese,PG,179.705,240.03,85.806,95.25
2000-01,Bootsy Thornton,SG,191.77,257.81,88.303,78.74
2000-01,Brandon Kurtz,C_PF,207.01,270.51,116.678,
2000-01,Brian Montonati,PF,205.105,269.24,97.61,73.66
2000-01,Caswell Cyrus,PF,202.565,273.05,100.107,95.25
2000-01,Ceedric Goodwyn,PF_SF,198.12,265.43,108.052,
2000-01,Chris Porter,PF_SF,196.85,262.89,97.156,88.9
2000-01,Cory Hightower,SF_SG,196.85,257.81,83.082,87.63
2000-01,Damon Reed,C_PF,204.47,265.43,103.512,80.01
2000-01,Dan Langhi,SF,205.74,264.16,89.665,87.63
2000-01,Dan McClintock,C_PF,210.82,271.78,113.5,88.9
2000-01,Donnell Harvey,PF,201.295,267.97,99.88,82.55
2000-01,Ed Cota,PG,183.515,245.11,85.806,85.09
2000-01,Eddie Gill,PG,182.245,236.22,79.904,97.79
2000-01,Eddie House,SG_PG,182.245,241.3,80.131,97.79
2000-01,Eduardo Najera,PF_SF,199.39,265.43,106.463,88.9
2000-01,Eric Coley,SF_SG,193.04,259.08,93.07,96.52
2000-01,Ernest Brown,C,208.28,278.13,101.015,
2000-01,Gabe Muoneke,PF_SF,198.755,266.7,110.776,86.36
2000-01,Harold Arceneaux,SF_SG,194.31,261.62,99.426,73.66
2000-01,Igor Rakocevic,PG,189.23,254,83.536,86.36
2000-01,Jabari Smith,C_PF,207.645,278.13,109.187,76.2
2000-01,Jacob Jaacks,PF,206.375,267.97,108.052,81.28
2000-01,Jamal Crawford,SG_PG,194.31,260.35,79.45,
2000-01,Jameel Watkins,C_PF,207.01,279.4,111.003,77.47
2000-01,Jaquay Walls,PG,186.055,245.11,75.137,90.17
2000-01,Jarrett Stephens,PF,196.215,261.62,117.132,73.66
2000-01,Jason Hart,PG,187.325,247.65,82.174,85.09
2000-01,Jimmie Hunter,SG_PG,190.5,254,77.18,91.44
2000-01,Johnny Hemsley,SF_SG,189.865,255.27,90.8,88.9
2000-01,Julius Doc Robinson,PG,182.88,242.57,83.536,95.25
2000-01,Justin Love,SG_PG,186.69,247.65,93.297,97.79
2000-01,Karim Shabazz,C,212.09,283.21,101.696,71.12
2000-01,Kenyon Jones,C_PF,205.74,274.32,128.028,76.2
2000-01,Khalid El-Amin,PG,175.26,236.22,90.8,81.28
2000-01,Lamont Barnes,C_PF,204.47,274.32,106.917,74.93
2000-01,Lavor Postell,SG,194.31,257.81,93.07,92.71
2000-01,Malik Allen,C_PF,203.835,276.86,123.034,73.66
2000-01,Marcus Goree,PF_SF,201.93,267.97,108.506,85.09
2000-01,Mario Bland,PF,196.85,261.62,130.298,78.74
2000-01,Mark Karcher,SG,193.04,260.35,98.972,77.47
2000-01,Mark Madsen,PF,203.2,265.43,107.371,85.09
2000-01,Marko Jaric,SF_SG,199.39,264.16,95.34,83.82
2000-01,Matt Santangelo,PG,182.88,238.76,80.358,109.22
2000-01,Matthew Nielsen,PF,205.74,269.24,101.242,73.66
2000-01,Michael Hermon,SG_PG,189.865,250.19,88.53,83.82
2000-01,Michael Redd,SF_SG,194.945,259.08,97.156,78.74
2000-01,Mike Smith,SF,199.39,261.62,89.892,53.34
2000-01,Nate Johnson,SF,199.39,264.16,96.021,85.09
2000-01,Ndongo N'diaye,C,212.09,285.75,94.432,69.85
2000-01,Nick Sheppard,C_PF,207.01,273.05,123.942,64.77
2000-01,Pepe Sanchez,PG,190.5,243.84,88.076,78.74
2000-01,Pete Mickeal,SF_SG,195.58,262.89,100.788,87.63
2000-01,Primoz Brezec,C,215.265,279.4,110.322,74.93
2000-01,Reed Rawlings,SF_SG,198.755,264.16,98.972,85.09
2000-01,Ron Hale,SF_SG,201.93,265.43,91.708,87.63
2000-01,Schea Cotton,SF,193.675,254,99.653,96.52
2000-01,Shaheen Holloway,PG,176.53,231.14,78.996,
2000-01,Speedy Claxton,PG,179.07,240.03,75.364,107.95
2000-01,Terrance Roberson,SF,196.85,262.89,94.886,82.55
2000-01,Vassil Evtimov,PF,207.645,270.51,118.948,72.39
